timestamp,step,stride_pace,step_rate,stride_length,contact_time,flight_ratio,power,shock,impact_gs,braking_gs,footstrike_type,pronation_excursion_fs_mp,max_pronation_velocity,step_length,pronation_excursion_mp_to,stance_excursion_fs_mp,stance_excursion_mp_to,split_stride_pace,cycle_time,split_cycle_time,contact_ratio,debug_1,debug_2,flight_time,stride_angle,walking,footstrike_type_new
2072,1,2.8822,203.3898,1.7005,280,5.0847,,1.7516,1.6094,0.6914,15,-0.47,27.8931,0.8503,-11.2797,1.1047,60.9145,2.8822,590,590,90.3226,63.6211,0,15,0.0744,,9.6852
2662,2,2.0092,165.9751,1.4526,434,0,,11.5819,7.2461,9.0352,8,-2.3822,100.1587,0.7263,-18.5583,15.4167,56.8111,2.0092,723,723,150.173,57.6797,1.7109,-73,2.0611,,5.6062
3385,3,2.2348,184.6154,1.4526,345,0,,9.2465,6.4141,6.6602,14,-1.9737,197.0825,0.7263,-12.4866,2.7578,35.5985,2.2348,650,650,113.1148,37.6563,2.3789,-20,0.1548,,9.214
4035,4,2.2769,188.0878,1.4526,324,0,,11.3888,9.4453,6.3633,14,-0.8895,208.374,0.7263,-10.7354,2.5313,39.1328,2.2769,638,638,103.1847,40.3438,2.3867,-5,0.0097,,9.2786
4673,5,1.8008,138.0898,1.5649,419,3.4562,,14.4789,14.1289,3.1641,15,-0.4638,186.0962,0.7824,-4.7055,0.4809,55.3958,1.8008,869,869,93.1111,56.875,2.3711,15,0.0808,,9.863
5542,6,1.6158,133.4816,1.4526,639,0,,11.4499,8.6953,7.4492,3,-4.9922,161.8042,0.7263,-2.183,26.6694,83.8137,1.6158,899,899,245.7692,88.6797,5.6523,-190,13.7009,,2.3992
6441,7,1.3782,113.852,1.4526,694,0,,11.484,9.7461,6.0742,14,0.245,68.7256,0.7263,-7.493,2.0408,87.7527,1.3782,1054,1054,192.7778,87.6875,0.4297,-167,10.6661,,9.4184
7495,8,1.4778,122.0753,1.4526,609,0,,14.607,12.9883,6.6836,6,-4.5746,155.5786,0.7263,-7.2586,20.1615,90.5359,1.4778,983,983,162.8342,96.3164,4.9023,-118,5.3718,,4.254
8478,9,1.4778,122.0753,1.4526,614,0,,16.4072,14.7813,7.1211,5,-5.6526,205.0781,0.7263,-8.6286,21.0952,87.3829,1.4778,983,983,166.3957,93.7773,6.0508,-123,5.8336,,3.9879
9461,10,1.4991,123.839,1.4526,594,0,,12.5387,9.0898,8.6367,5,-4.7433,166.1987,0.7263,-3.3299,22.0323,87.3938,1.4991,969,969,158.4,96.2539,5.5859,-110,4.6715,,3.7208
10430,11,1.4703,121.4575,1.4526,624,0,,11.5768,8.7383,7.5938,5,-5.7093,177.2461,0.7263,-8.4725,22.299,86.3391,1.4703,988,988,171.4286,92.8281,6.0781,-130,6.5109,,3.6448
11418,12,1.4541,120.1201,1.4526,629,0,,6.4368,4.6328,4.4688,5,-3.9614,134.7656,0.7263,-10.2852,20.8747,85.2721,1.4541,999,999,170,91.4844,4.3281,-130,6.5109,,4.0507
12417,13,1.4614,120.7243,1.4526,640,0,,9.516,6.2813,7.1484,4,-4.4142,131.2256,0.7263,-12.8897,24.6538,82.9838,1.4614,994,994,180.791,87.2031,4.6875,-143,7.8626,,2.9737
13411,14,1.4469,119.5219,1.4526,645,0,,10.2245,9.2578,4.3398,6,-8.8739,256.958,0.7263,-12.166,20.3545,82.2305,1.4469,1004,1004,179.6657,87.9141,9.3711,-143,7.8626,,4.199
14415,15,1.4614,120.7243,1.4526,624,0,,7.4921,4.3477,6.1016,6,-6.2781,205.3833,0.7263,-8.3847,19.9532,83.7342,1.4614,994,994,168.6486,89.5742,7.3164,-127,6.2163,,4.3133
15409,16,1.4556,120.2405,1.4526,629,0,,5.5714,3.9102,3.9688,5,-4.6882,145.1416,0.7263,-10.8077,20.5915,83.1515,1.4556,998,998,170.4607,88.6055,4.9766,-130,6.5109,,4.1314
16407,17,1.4703,121.4575,1.4526,640,0,,20.0103,15.3477,12.8398,7,-1.8297,74.585,0.7263,-10.6921,16.843,87.1485,1.4703,988,988,183.908,91.125,1.8516,-146,8.1915,,5.1997
17395,18,1.4397,118.9296,1.4526,643,0,,15.7398,15.1758,4.1758,5,-4.2023,116.6992,0.7263,-7.2269,21.2193,82.882,1.4397,1009,1009,175.6831,88.4766,4.5391,-139,7.4339,,3.9525
18404,19,1.4778,122.0753,1.4526,614,0,,12.1385,11.1953,4.6914,7,-3.302,112.0605,0.7263,-6.5291,16.2117,84.4948,1.4778,983,983,166.3957,89.9141,3.6289,-123,5.8336,,5.3797
19387,20,1.4326,118.3432,1.4526,635,0,,6.4716,4.8906,4.2383,8,-3.4233,138.7939,0.7263,-8.1615,13.9972,85.985,1.4326,1014,1014,167.5462,91.3906,3.8594,-128,6.3138,,6.0108
20401,21,1.4049,116.0542,1.4526,669,0,,15.3947,12.9375,8.3438,7,-2.9901,112.1826,0.7263,-7.8472,16.6391,91.9855,1.4049,1034,1034,183.2877,95.3203,3.1719,-152,8.8681,,5.2579
21435,22,1.3475,111.3173,1.4526,709,0,,10.0864,3.1016,9.5977,7,-2.6121,118.1641,0.7263,-3.8591,15.6404,93.163,1.3475,1078,1078,192.1409,98.7188,2.9375,-170,11.0434,,5.5425
22513,23,1.4397,118.9296,1.4526,639,0,,16.0775,15.4883,4.3125,5,-5.9959,211.792,0.7263,-4.1746,21.5392,80.2566,1.4397,1009,1009,172.7027,85.1133,5.9609,-135,7.0165,,3.8613
23522,24,1.3928,115.0527,1.4526,648,0,,6.1744,4.7656,3.9258,14,-0.0217,62.7441,0.7263,-15.9521,2.0735,91.6873,1.3928,1043,1043,164.0506,96.0039,0.2734,-127,6.2163,,9.4091
24565,25,1.427,117.8782,1.4526,624,0,,8.3176,6.8789,4.6758,9,-2.5546,127.9297,0.7263,2.0656,12.6421,87.5544,1.427,1018,1018,158.3756,92.25,3.1953,-115,5.1036,,6.397
25583,26,1.3968,115.3846,1.4526,654,0,,7.3991,6.2422,3.9727,11,-0.6519,81.2988,0.7263,-12.9902,7.4971,94.5019,1.3968,1040,1040,169.4301,97.4961,1.1953,-134,6.9139,,7.8633
26623,27,1.427,117.8782,1.4526,664,0,,9.3084,8.3789,4.0547,15,-0.0066,27.6489,0.7263,-17.5859,1.5035,99.7943,1.427,1018,1018,187.5706,103.6133,0.1172,-155,9.2157,,9.5715
27641,28,1.4411,119.0476,1.4526,613,0,,7.3373,5.7617,4.543,14,-0.0586,141.7847,0.7263,-22.3629,2.7331,97.5611,1.4411,1008,1008,155.1899,99.5273,0.7266,-109,4.5873,,9.2211
28649,29,1.4117,116.6181,1.4526,644,0,,5.5598,4.1953,3.6484,6,-3.503,97.9004,0.7263,-14.3737,19.7777,68.0122,1.4117,1029,1029,167.2727,71.3711,2.8164,-130,6.5109,,4.3634
29678,30,1.4703,121.4575,1.4526,564,0,,8.423,7.1953,4.3789,2,4.0488,171.0815,0.7263,-12.5035,28.505,70.1121,1.4703,988,988,133.0189,72.918,2.2852,-70,1.8953,,1.8761
30666,31,1.4469,119.5219,1.4526,574,0,,9.9596,8.4805,5.2227,6,-7.3241,260.3149,0.7263,2.6786,19.6401,69.2266,1.4469,1004,1004,133.4884,84.9609,7.6602,-72,2.005,,4.4026
31670,32,1.4256,117.7625,1.4526,644,0,,9.595,8.6797,4.0898,9,-2.6298,158.6914,0.7263,-6.7436,12.8896,92.3688,1.4256,1019,1019,171.7333,97.1289,2.9063,-135,7.0165,,6.3265
32689,33,1.4411,119.0476,1.4526,645,0,,14.605,13.9883,4.1992,5,-7.5325,229.126,0.7263,-2.4377,22.1862,79.2446,1.4411,1008,1008,177.686,84.7227,7.8516,-141,7.6468,,3.6769
33697,34,1.3602,112.3596,1.4526,689,0,,8.3896,7.2266,4.2617,9,-1.7261,86.2427,0.7263,-9.962,11.3276,90.4386,1.3602,1068,1068,181.7942,95.4727,2.0469,-155,9.2157,,6.7716
34765,35,1.3981,115.4957,1.4526,643,0,,9.4361,8.2813,4.5234,8,-3.4755,148.6816,0.7263,-5.2004,15.3042,83.9643,1.3981,1039,1039,162.3737,88.1211,3.9453,-124,5.9282,,5.6383
35804,36,1.4326,118.3432,1.4526,629,0,,6.0802,3.5859,4.9102,8,-6.5748,184.3262,0.7263,5.338,15.1177,77.9737,1.4326,1014,1014,163.3766,82.3008,6.6406,-122,5.7398,,5.6914
36818,37,1.427,117.8782,1.4526,629,0,,9.2707,8.2148,4.2969,10,-2.8382,169.0674,0.7263,-15.8466,10.9383,88.3021,1.427,1018,1018,161.6967,93.8398,3.5273,-120,5.5543,,6.8826
37836,38,1.4049,116.0542,1.4526,654,0,,10.4707,9.5039,4.3945,10,-0.9428,68.6035,0.7263,-5.0838,9.736,91.2437,1.4049,1034,1034,172.1053,96.7109,1.1758,-137,7.2237,,7.2253
38870,39,1.373,113.4216,1.4526,699,0,,9.8575,8.7031,4.6289,11,-0.6343,72.1436,0.7263,-17.138,8.5818,93.619,1.373,1058,1058,194.7075,96.1328,0.6914,-170,11.0434,,7.5542
39928,40,1.5388,127.1186,1.4526,570,0,,16.3065,15.0547,6.2656,8,-1.765,122.8027,0.7263,0.1621,14.1322,87.9372,1.5388,944,944,152.4064,92.3242,2.75,-98,3.7109,,5.9723
40872,41,1.4703,121.4575,1.4526,619,0,,6.791,5.3555,4.1758,11,-1.021,79.4678,0.7263,-4.4235,8.3095,80.0227,1.4703,988,988,167.7507,85.3945,1.5,-125,6.0235,,7.6318
41860,42,1.373,113.4216,1.4526,669,0,,11.1032,10.0977,4.6172,6,-8.8224,278.8696,0.7263,4.3175,19.2252,88.4309,1.373,1058,1058,171.9794,90.8789,9.0156,-140,7.54,,4.5208
42918,43,1.3782,113.852,1.4526,679,0,,9.1608,8.1133,4.2539,3,-11.8056,252.6855,0.7263,-5.1514,25.7947,80.6923,1.3782,1054,1054,181.0667,83.0703,11.6992,-152,8.8681,,2.6485
43972,44,1.4326,118.3432,1.4526,629,0,,8.8925,5.8164,6.7266,8,-2.4978,161.8042,0.7263,-5.0459,13.9669,85.6487,1.4326,1014,1014,163.3766,90.1016,2.832,-122,5.7398,,6.0194
44986,45,1.3782,113.852,1.4526,664,0,,6.0314,4.0977,4.4258,14,-0.6259,6.6528,0.7263,-12.4794,2.9015,104.1384,1.3782,1054,1054,170.2564,107.6016,0,-137,7.2237,,9.1731
46040,46,1.4062,116.1665,1.4526,639,0,,7.89,6.1914,4.8906,7,-5.1367,169.8608,0.7263,-3.3167,16.9261,81.0666,1.4062,1033,1033,162.1827,86.7383,5.4453,-123,5.8336,,5.1761
47073,47,1.4131,116.7315,1.4526,629,0,,13.6257,12.7695,4.7539,9,-2.5243,150.5737,0.7263,-9.7282,12.5168,87.4325,1.4131,1028,1028,157.6441,92.7813,2.8047,-115,5.1036,,6.4327
48101,48,1.3995,115.6069,1.4526,684,0,,9.1243,8.1445,4.1133,9,-1.5827,74.585,0.7263,-13.6678,11.9055,96.234,1.3995,1038,1038,193.2203,99.3047,1.668,-165,10.4178,,6.6069
49139,49,1.3914,114.9425,1.4526,654,0,,12.7176,11.8438,4.6328,9,-1.9438,145.9351,0.7263,-6.2963,11.3377,94.0916,1.3914,1044,1044,167.6923,96.9023,2.25,-132,6.711,,6.7687
50183,50,1.4062,116.1665,1.4526,614,0,,15.4024,12.9492,8.3398,4,0.2761,47.4854,0.7263,-7.262,23.2624,78.9175,1.4062,1033,1033,146.5394,80.4102,0.3555,-98,3.7109,,3.3702
51216,51,1.3717,113.3144,1.4526,655,0,,5.6737,4.1406,3.8789,7,-8.2418,259.0942,0.7263,-1.6266,16.0744,81.9911,1.3717,1059,1059,162.1287,89.4297,8.75,-126,6.1195,,5.4188
52275,52,1.42,117.3021,1.4526,614,0,,11.8433,9.0391,7.6523,5,5.7707,41.5649,0.7263,-14.4397,20.4977,75.7351,1.42,1023,1023,150.1222,80.8203,5.6758,-103,4.0979,,4.1581
53298,53,1.3782,113.852,1.4526,655,0,,6.7651,5.0859,4.4609,7,-4.5697,167.3584,0.7263,-6.1463,16.8539,83.1324,1.3782,1054,1054,164.1604,89.3984,5.0469,-128,6.3138,,5.1966
54352,54,1.4062,116.1665,1.4526,659,0,,7.4617,5.9727,4.4727,10,-1.1394,83.7402,0.7263,-19.9443,9.8691,97.5236,1.4062,1033,1033,176.2032,101.2031,1.5313,-143,7.8626,,7.1873
55385,55,1.4326,118.3432,1.4526,615,0,,10.7549,9.2422,5.5,9,-4.0728,222.7783,0.7263,-0.2029,12.4628,82.6543,1.4326,1014,1014,154.1353,90.332,4.6406,-108,4.5038,,6.4481
56399,56,1.4469,119.5219,1.4526,593,0,,10.7252,4.6758,9.6523,6,-6.6896,247.3755,0.7263,-4.8358,18.349,78.8048,1.4469,1004,1004,144.2822,88.9063,6.5703,-91,3.2008,,4.7705
57403,57,1.42,117.3021,1.4526,645,0,,10.7033,8.957,5.8594,7,-6.6307,250.9766,0.7263,-11.0157,17.2687,84.413,1.42,1023,1023,170.6349,89.418,6.6328,-134,6.9139,,5.0784
58426,58,1.434,118.46,1.4526,639,0,,13.4618,12.043,6.0156,9,-3.8396,202.3926,0.7263,-15.4912,13.2316,92.3577,1.434,1013,1013,170.8556,99.7578,3.7383,-133,6.8121,,6.229
59439,59,1.4256,117.7625,1.4526,634,0,,10.5446,9.0625,5.3906,8,-2.1431,113.2202,0.7263,-4.6778,15.3354,87.9947,1.4256,1019,1019,164.6753,93.5508,2.3516,-125,6.0235,,5.6294
60458,60,1.3928,115.0527,1.4526,664,0,,10.3873,9.1133,4.9844,4,-4.7431,139.8315,0.7263,-7.782,24.4656,83.7368,1.3928,1043,1043,175.1979,88.5938,4.6172,-143,7.8626,,3.0273
61501,61,1.4256,117.7625,1.4526,618,0,,6.7321,5.2305,4.2383,6,-4.9051,177.063,0.7263,-8.8849,19.163,81.0624,1.4256,1019,1019,154.1147,93.543,5.1406,-109,4.5873,,4.5385
62520,62,1.3995,115.6069,1.4526,648,0,,6.6039,3.9648,5.2813,12,-1.3222,228.1494,0.7263,-12.8665,6.7706,86.2343,1.3995,1038,1038,166.1538,91.0391,2.3008,-129,6.412,,8.0704
63558,63,1.4186,117.1875,1.4526,639,0,,8.7554,7.1211,5.0938,5,1.1633,48.0957,0.7263,-11.1066,22.7251,76.3716,1.4186,1024,1024,165.974,78.9414,1.0625,-127,6.2163,,3.5233
64582,64,1.3981,115.4957,1.4526,638,0,,6.8268,4.9961,4.6523,8,-3.942,137.8174,0.7263,-11.1183,15.0366,83.1113,1.3981,1039,1039,159.1022,87.207,4.5039,-119,5.4627,,5.7146
65621,65,1.3874,114.6132,1.4526,619,0,,7.2866,5.1836,5.1211,12,0.1781,19.165,0.7263,-6.9549,4.9942,89.3722,1.3874,1047,1047,144.6262,95.8477,0.0352,-96,3.5613,,8.5767
66668,66,1.3914,114.9425,1.4526,614,0,,7.3171,5.1328,5.2148,7,-6.9943,249.3286,0.7263,2.5415,15.662,73.1928,1.3914,1044,1044,142.7907,87.1758,7.6133,-92,3.2714,,5.5363
67712,67,1.3526,111.7318,1.4526,684,0,,6.7415,4.0742,5.3711,2,4.5772,3.418,0.7263,-18.3726,29.6252,69.8229,1.3526,1074,1074,175.3846,74.3203,5.4688,-147,8.3025,,1.5568
68786,68,1.3666,112.8881,1.4526,674,0,,12.7735,11.9219,4.5859,10,-0.5059,35.7056,0.7263,-13.4381,10.2224,85.5325,1.3666,1063,1063,173.2648,90.2266,0.5156,-143,7.8626,,7.0866
69849,69,1.3602,112.3596,1.4526,689,0,,5.8176,3.3086,4.7852,7,-2.1398,108.7646,0.7263,-4.8106,17.309,81.5262,1.3602,1068,1068,181.7942,86.5547,2.0664,-155,9.2157,,5.0669
70917,70,1.3861,114.5038,1.4526,644,0,,6.1722,4.2656,4.4609,8,-3.2551,128.3569,0.7263,0.3813,15.0993,82.7305,1.3861,1048,1048,159.4059,87.3125,3.7031,-120,5.5543,,5.6967
71965,71,1.3914,114.9425,1.4526,659,0,,9.4462,7.168,6.1523,11,-0.794,82.5806,0.7263,-9.5948,8.3462,93.2338,1.3914,1044,1044,171.1688,96.1367,1.2109,-137,7.2237,,7.6213
73009,72,1.3475,111.3173,1.4526,664,0,,6.1845,4.3945,4.3516,5,-8.9511,211.9751,0.7263,-0.2816,20.8815,78.1346,1.3475,1078,1078,160.3865,82.9531,8.918,-125,6.0235,,4.0488
74087,73,1.4049,116.0542,1.4526,634,0,,6.449,4.7773,4.332,11,-0.9178,83.4961,0.7263,-9.0034,8.1237,82.5539,1.4049,1034,1034,158.5,88.4531,1.2344,-117,5.2817,,7.6848
75121,74,1.4411,119.0476,1.4526,619,0,,7.1658,5.5703,4.5078,12,-0.8647,105.6519,0.7263,-8.7349,5.1907,90.4832,1.4411,1008,1008,159.126,94.0234,1.5664,-115,5.1036,,8.5206
76129,75,1.4117,116.6181,1.4526,605,0,,9.4817,7.8164,5.3672,14,-0.2324,82.9468,0.7263,-10.5069,2.7123,98.0224,1.4117,1029,1029,142.6887,103.1953,0.6172,-91,3.2008,,9.227
77158,76,1.3848,114.3947,1.4526,664,0,,6.6595,4.9727,4.4297,6,4.1513,19.8364,0.7263,-13.3649,19.7992,78.6641,1.3848,1049,1049,172.4675,82.9766,4.4492,-140,7.54,,4.3572
78207,77,1.42,117.3021,1.4526,633,0,,6.7144,5.0078,4.4727,10,-1.8813,166.0156,0.7263,-10.4979,8.9758,90.8682,1.42,1023,1023,162.3077,97.5664,2.5664,-122,5.7398,,7.4419
79230,78,1.3928,115.0527,1.4526,664,0,,8.8306,6.7617,5.6797,7,-4.6891,180.603,0.7263,-11.3111,15.6042,88.3536,1.3928,1043,1043,175.1979,95.2305,4.832,-143,7.8626,,5.5528
80273,79,1.4541,120.1201,1.4526,639,0,,7.627,6.2773,4.332,6,-5.6752,175.9644,0.7263,-0.7785,18.5671,87.8253,1.4541,999,999,177.5,90.9922,5.8594,-140,7.54,,4.7084
81272,80,1.4256,117.7625,1.4526,645,0,,6.9489,4.6367,5.1758,7,-6.1206,205.9326,0.7263,1.2788,17.2566,83.4445,1.4256,1019,1019,172.4599,91.4648,6.6523,-136,7.1198,,5.0819
82291,81,1.4703,121.4575,1.4526,624,0,,7.5547,4.6211,5.9766,9,-2.4249,136.2305,0.7263,-18.6506,12.1246,91.3442,1.4703,988,988,171.4286,96.4375,2.6758,-130,6.5109,,6.5445
83279,82,1.4062,116.1665,1.4526,669,0,,7.087,4.4258,5.5352,9,-1.7554,99.1211,0.7263,-16.3246,12.6,89.8369,1.4062,1033,1033,183.7912,92.4141,2.1094,-153,8.9833,,6.409
84312,83,1.3666,112.8881,1.4526,684,0,,5.8955,3.4492,4.7813,10,-1.318,77.3315,0.7263,-9.1132,9.8345,90.3247,1.3666,1063,1063,180.4749,95.9883,1.6641,-153,8.9833,,7.1972
85375,84,1.3981,115.4957,1.4526,690,0,,7.2144,3.5625,6.2734,10,-1.0539,74.2798,0.7263,-12.484,9.2826,95.0549,1.3981,1039,1039,197.7077,97.3086,1.4961,-171,11.1705,,7.3545
86414,85,1.3861,114.5038,1.4526,659,0,,5.849,3.4453,4.7266,12,-0.3309,72.3877,0.7263,-11.8882,5.6381,94.7784,1.3861,1048,1048,169.4087,97.6211,0.7813,-135,7.0165,,8.3931
87462,86,1.3995,115.6069,1.4526,669,0,,7.2057,3.4102,6.3477,8,-3.0869,132.1411,0.7263,-13.9488,13.7029,86.6303,1.3995,1038,1038,181.3008,88.9766,3.957,-150,8.6398,,6.0947
88500,87,1.3526,111.7318,1.4526,709,0,,7.4606,5.0664,5.4766,7,-3.9302,125.7324,0.7263,-6.052,16.0402,91.7183,1.3526,1074,1074,194.2466,93.8125,4.082,-172,11.2982,,5.4285
89574,88,1.3795,113.9601,1.4526,669,0,,6.3393,4.4453,4.5195,6,-7.7307,203.7354,0.7263,2.4488,18.3132,87.836,1.3795,1053,1053,174.2188,91.1328,7.8906,-143,7.8626,,4.7807
90627,89,1.4049,116.0542,1.4526,685,0,,8.8522,5.9063,6.5938,6,-6.2858,187.0728,0.7263,-7.671,19.8934,86.4514,1.4049,1034,1034,196.2751,88.6992,6.4063,-168,10.7912,,4.3304
91661,90,1.4131,116.7315,1.4526,624,0,,11.5071,9.5273,6.4531,7,-6.2601,191.9556,0.7263,4.4205,16.9769,83.7311,1.4131,1028,1028,154.4554,88.7734,6.8516,-110,4.6715,,5.1616
92689,91,1.4049,116.0542,1.4526,659,0,,7.8623,6.5273,4.3828,7,-5.7895,210.3271,0.7263,-6.3077,16.0316,88.2905,1.4049,1034,1034,175.7333,91.5859,6.168,-142,7.7543,,5.431
93723,92,1.3795,113.9601,1.4526,650,0,,7.026,5.082,4.8516,8,-2.8542,111.3281,0.7263,-1.0124,14.2905,85.7109,1.3795,1053,1053,161.2903,92.9805,2.8516,-124,5.9282,,5.9272
94776,93,1.373,113.4216,1.4526,669,0,,7.1794,4.8633,5.2813,11,-1.1221,100.0977,0.7263,-12.8952,8.4439,92.1228,1.373,1058,1058,171.9794,98.582,1.6133,-140,7.54,,7.5935
95834,94,1.3099,108.2056,1.4526,704,0,,6.9261,4.4063,5.3438,15,-0.0055,18.8599,0.7263,0.1315,1.4896,97.0666,1.3099,1109,1109,173.8272,100.5898,0.0234,-150,8.6398,,9.5755
96943,95,1.2709,104.9869,1.4526,784,0,,5.3191,2.7344,4.5625,8,8.0942,33.6914,0.7263,-19.2618,13.873,73.2552,1.2709,1143,1143,218.3844,73.4023,7.8984,-213,17.0343,,6.0462
110137,103,1.1593,95.7702,1.4526,909,0,,6.2005,2.1055,5.832,15,-0.1717,50.4761,0.7263,-9.4883,0.6027,67.5938,1.1593,1253,1253,264.2442,70.7422,0.3516,-283,28.407,,9.8282
111390,104,1.1492,94.9367,1.4526,913,0,,11.3891,5.2227,10.1211,15,0.2762,37.5366,0.7263,-7.5601,1.0359,77.1912,1.1492,1264,1264,260.114,79.4414,0.3945,-281,28.0682,,9.7048
112654,105,1.2993,107.3345,1.4526,744,0,,14.3266,6.4414,12.7969,15,-1.0933,157.1655,0.7263,-8.784,0.8658,66.6971,1.2993,1118,1118,198.9305,73.0469,1.5742,-185,13.0141,,9.7533
113772,106,1.1734,96.9305,1.4526,843,0,,6.6885,2.4023,6.2422,13,-2.2397,107.2388,0.7263,-6.4427,3.4201,75.3648,1.1734,1238,1238,213.4177,79.4453,2.2617,-224,18.7188,,9.0253
115010,107,1.2765,105.4482,1.4526,714,0,,5.6858,4.75,3.125,14,-0.7595,93.4448,0.7263,-3.1723,1.864,82.3349,1.2765,1138,1138,168.3962,88.707,1.1445,-145,8.0812,,9.4688
116148,108,1.2075,99.7506,1.4526,764,0,,15.9749,14.418,6.8789,14,-2.5978,125.5493,0.7263,-18.4298,2.3284,60.2533,1.2075,1203,1203,174.0319,68.3789,3.2148,-163,10.1721,,9.3364
117351,109,1.2075,99.7506,1.4526,784,0,,11.9621,10.4766,5.7734,15,-4.4414,250,0.7263,-3.2443,1.3383,78.3258,1.2075,1203,1203,187.1122,81.8047,4.5664,-183,12.7435,,9.6186
118554,110,1.2166,100.5025,1.4526,723,0,,11.5062,7.5625,8.6719,16,0.0804,168.0298,0.7263,-13.102,0.2066,72.7638,1.2166,1194,1194,153.5032,78.2617,0,-126,6.1195,,9.9411
119748,111,1.2776,105.5409,1.4526,764,0,,12.2261,10.668,5.9727,12,-1.4205,120.1172,0.7263,-4.1425,5.8226,77.5591,1.2776,1137,1137,204.8257,81.2461,1.4453,-196,14.5436,,8.3406
120885,112,1.3339,110.1928,1.4526,693,0,,9.0146,7.6641,4.7461,10,-9.7874,323.7915,0.7263,-0.6696,8.9369,75.0395,1.3339,1089,1089,175,81.6992,9.5859,-149,8.5267,,7.453
121974,113,1.2935,106.8566,1.4526,714,0,,10.5621,8.7695,5.8867,13,-0.2424,59.4482,0.7263,-7.1504,4.0861,83.0929,1.2935,1123,1123,174.5721,90.082,0.4531,-153,8.9833,,8.8355
123097,114,1.2754,105.3556,1.4526,729,0,,11.0331,10.3125,3.9219,12,-2.9494,177.9785,0.7263,-12.0071,6.3286,81.8774,1.2754,1139,1139,177.8049,88.5664,2.8711,-160,9.8084,,8.1964
124236,115,1.3602,112.3596,1.4526,679,0,,12.4258,11.6094,4.4297,8,2.6045,87.4023,0.7263,-17.737,14.2134,75.1294,1.3602,1068,1068,174.5501,80.0898,2.3516,-145,8.0812,,5.9492
125304,116,1.3352,110.2941,1.4526,709,0,,8.6132,4.4688,7.3633,11,-5.4036,297.3022,0.7263,-13.8253,8.3296,81.7574,1.3352,1088,1088,187.0712,83.332,6.543,-165,10.4178,,7.6261
126392,117,1.3538,111.836,1.4526,694,0,,16.4396,12.5547,10.6133,8,-4.9817,218.9331,0.7263,1.7027,13.9489,88.8301,1.3538,1073,1073,183.1135,95.2031,4.9805,-158,9.5693,,6.0246
127465,118,1.4256,117.7625,1.4526,664,0,,8.0972,5.832,5.6172,9,-0.3129,32.1655,0.7263,4.7023,12.8744,88.1115,1.4256,1019,1019,187.0423,95.2266,0.3359,-155,9.2157,,6.3308
128484,119,1.3861,114.5038,1.4526,654,0,,15.3733,14.7617,4.293,9,-2.447,160.3394,0.7263,-2.9693,11.8918,89.0113,1.3861,1048,1048,165.9898,96.1133,2.5469,-130,6.5109,,6.6108
129532,120,1.427,117.8782,1.4526,624,0,,12.608,10.9297,6.2852,11,-1.7155,146.0571,0.7263,-1.5886,7.6717,91.9698,1.427,1018,1018,158.3756,99.6406,1.5898,-115,5.1036,,7.8136
130550,121,1.3848,114.3947,1.4526,634,0,,13.2146,11.6094,6.3125,9,-5.2288,249.3286,0.7263,-18.0202,13.1114,79.1202,1.3848,1049,1049,152.7711,87.1133,5.3945,-110,4.6715,,6.2632
131599,122,1.2279,101.437,1.4526,779,0,,4.525,2.8633,3.5039,5,-6.053,141.7236,0.7263,-1.48,21.5314,71.2624,1.2279,1183,1183,192.8218,77.2695,5.5742,-188,13.4244,,3.8636
132782,123,1.4397,118.9296,1.4526,634,0,,14.0821,11.75,7.7617,8,-5.602,224.3652,0.7263,-0.6007,14.8613,83.7206,1.4397,1009,1009,169.0667,90.1094,5.9023,-130,6.5109,,5.7645
133791,124,1.5163,125.261,1.4526,589,0,,17.9359,15.2109,9.5039,8,-1.9621,100.3418,0.7263,7.7253,14.3775,95.6217,1.5163,958,958,159.6206,102.5391,2.2188,-110,4.6715,,5.9024
134749,125,1.3928,115.0527,1.4526,679,0,,12.5902,8.3906,9.3867,9,-1.9396,92.9565,0.7263,-0.2599,11.5902,100.6287,1.3928,1043,1043,186.5385,105.1094,2.1211,-158,9.5693,,6.6968
135792,126,1.5307,126.4489,1.4526,600,0,,8.6582,7.3945,4.5039,9,-3.6559,189.209,0.7263,-3.8299,12.5414,98.5708,1.5307,949,949,171.9198,103.8008,3.6719,-126,6.1195,,6.4257
136741,127,1.4629,120.8459,1.4526,593,0,,10.4446,7.6406,7.1211,11,-1.103,136.0474,0.7263,-2.2644,8.7968,105.643,1.4629,993,993,148.25,111.9961,1.1914,-97,3.6357,,7.4929
137734,128,1.4778,122.0753,1.4526,604,0,,9.2418,8.3125,4.0391,11,-1.0498,142.334,0.7263,-6.7129,8.5927,108.245,1.4778,983,983,159.3668,114.4492,0.9453,-113,4.9285,,7.5511
138717,129,1.4103,116.5049,1.4526,614,0,,7.0736,3.5586,6.1133,10,-1.5318,130.4321,0.7263,-11.2438,10.1113,100.9133,1.4103,1030,1030,147.5962,106.6563,1.4102,-99,3.7868,,7.1183
139747,130,1.3928,115.0527,1.4526,624,0,,12.4859,3.1797,12.0742,8,-2.4029,167.6636,0.7263,-5.4659,14.1629,90.6734,1.3928,1043,1043,148.926,97.8672,2.4023,-103,4.0979,,5.9636
140790,131,1.4411,119.0476,1.4526,654,0,,8.175,5.1563,6.3438,8,-4.8097,242.0654,0.7263,-12.1269,13.3259,91.41,1.4411,1008,1008,184.7458,94.582,4.3555,-150,8.6398,,6.2021
141798,132,1.4483,119.6411,1.4526,654,0,,6.7582,5.0352,4.5078,8,-4.9202,182.9834,0.7263,-2.3357,15.3414,87.649,1.4483,1003,1003,187.3926,92.8984,4.9336,-153,8.9833,,5.6277
142801,133,1.4256,117.7625,1.4526,669,0,,10.5699,7.9336,6.9844,9,-3.3449,127.9297,0.7263,-6.9166,12.5705,87.6634,1.4256,1019,1019,191.1429,91.5,3.1445,-160,9.8084,,6.4174
143820,134,1.4483,119.6411,1.4526,640,0,,10.812,9.7617,4.6484,9,-6.8171,303.3447,0.7263,-9.0369,13.0465,83.8738,1.4483,1003,1003,176.3085,87.6641,6.4375,-139,7.4339,,6.2818
144823,135,1.4541,120.1201,1.4526,634,0,,6.7501,4.0156,5.4258,9,-4.1773,187.1338,0.7263,-2.4028,13.1274,86.661,1.4541,999,999,173.6986,91.5508,4.1719,-135,7.0165,,6.2587
145822,136,1.4556,120.2405,1.4526,639,0,,5.6178,3.1719,4.6367,10,-1.8582,133.0566,0.7263,-4.9328,10.989,93.7757,1.4556,998,998,177.9944,99.3672,1.5625,-140,7.54,,6.8681
146820,137,1.493,123.3299,1.4526,624,0,,8.844,7.2734,5.0313,8,-3.0865,164.4287,0.7263,-2.502,14.1571,86.7647,1.493,973,973,178.7966,93.3125,2.8203,-138,7.3284,,5.9652
147793,138,1.4411,119.0476,1.4526,650,0,,13.5017,11.5,7.0742,8,-4.5355,179.1382,0.7263,-2.4283,15.0077,87.4854,1.4411,1008,1008,181.5642,90.918,4.3555,-146,8.1915,,5.7228
148801,139,1.4541,120.1201,1.4526,648,0,,10.9754,10.0742,4.3555,7,-6.9009,235.9619,0.7263,2.6623,15.9074,82.0517,1.4541,999,999,184.6154,87.6602,6.5977,-149,8.5267,,5.4664
149800,140,1.4483,119.6411,1.4526,624,0,,8.8604,7.1289,5.2617,10,-3.3732,235.5347,0.7263,-5.3249,9.4596,88.4586,1.4483,1003,1003,164.6438,93.5781,3.0469,-123,5.8336,,7.304
150803,141,1.4614,120.7243,1.4526,629,0,,8.2982,5.1289,6.5234,7,-3.9654,151.8555,0.7263,-1.8739,15.6171,81.8674,1.4614,994,994,172.3288,87.5742,3.8086,-132,6.711,,5.5491
151797,142,1.4411,119.0476,1.4526,638,0,,6.5986,5.0078,4.2969,8,-6.0407,205.4443,0.7263,-8.5576,15.0318,80.0269,1.4411,1008,1008,172.4324,87.0117,5.7734,-134,6.9139,,5.7159
152805,143,1.4256,117.7625,1.4526,638,0,,5.5503,3.0977,4.6055,8,-5.2163,225.0366,0.7263,-5.1654,13.7451,77.739,1.4256,1019,1019,167.4541,83.4258,4.8281,-129,6.412,,6.0826
153824,144,1.42,117.3021,1.4526,669,0,,8.0168,6.168,5.1211,7,-3.0728,121.0938,0.7263,-1.9814,15.8232,80.2213,1.42,1023,1023,188.9831,86.6328,3.5781,-158,9.5693,,5.4904
154847,145,1.4131,116.7315,1.4526,659,0,,14.5465,12.543,7.3672,7,-4.6324,179.6875,0.7263,-0.8846,15.6359,77.7827,1.4131,1028,1028,178.5908,86.2266,4.5469,-145,8.0812,,5.5438
155875,146,1.4186,117.1875,1.4526,653,0,,6.9779,5.2422,4.6055,8,-8.3396,334.2896,0.7263,-2.2564,14.3017,79.3838,1.4186,1024,1024,176.0108,86.4063,8.0313,-141,7.6468,,5.924
156899,147,1.4483,119.6411,1.4526,639,0,,5.7394,3.4922,4.5547,8,-4.3894,177.7344,0.7263,-5.2373,13.6145,81.0495,1.4483,1003,1003,175.5495,87.9258,4.0273,-138,7.3284,,6.1199
157902,148,1.4131,116.7315,1.4526,654,0,,16.5679,15.8477,4.832,8,-5.2959,256.8359,0.7263,-8.5172,14.1047,86.3903,1.4131,1028,1028,174.8663,91.5586,5.0781,-140,7.54,,5.9802
158930,149,1.4049,116.0542,1.4526,660,0,,7.2166,5.7031,4.4219,8,-5.7684,215.1489,0.7263,-6.0396,15.282,83.8385,1.4049,1034,1034,176.4706,88.6641,5.5234,-143,7.8626,,5.6446
159964,150,1.3861,114.5038,1.4526,658,0,,7.1517,3.9219,5.9805,9,-4.2469,184.4482,0.7263,-4.148,11.8358,87.7283,1.3861,1048,1048,168.7179,93.1875,4.2578,-134,6.9139,,6.6268
161012,151,1.3861,114.5038,1.4526,685,0,,12.0917,11.0859,4.8281,8,-6.8477,263.5498,0.7263,-6.4484,15.4574,82.4656,1.3861,1048,1048,188.7052,87.7695,6.4063,-161,9.929,,5.5946
162060,152,1.3981,115.4957,1.4526,665,0,,10.5945,9.6719,4.3242,7,-6.5745,226.6846,0.7263,-6.7394,16.0224,79.1257,1.3981,1039,1039,177.8075,85.4922,6.332,-146,8.1915,,5.4336
163099,153,1.3928,115.0527,1.4526,673,0,,14.9814,12.4297,8.3633,7,-7.9916,234.314,0.7263,-7.4511,17.0204,80.7019,1.3928,1043,1043,181.8919,84.5859,7.8828,-152,8.8681,,5.1492
164142,154,1.3848,114.3947,1.4526,679,0,,8.1553,2.6211,7.7227,6,-6.3491,193.2373,0.7263,-6.8349,18.2538,77.9776,1.3848,1049,1049,183.5135,84.293,6.4609,-155,9.2157,,4.7977
165191,155,1.4062,116.1665,1.4526,655,0,,7.7928,6.582,4.1719,8,-6.5502,232.1777,0.7263,-9.1643,15.1176,80.7623,1.4062,1033,1033,173.2804,87.0625,6.3945,-139,7.4339,,5.6915
166224,156,1.4062,116.1665,1.4526,678,0,,5.4408,2.7422,4.6992,7,-6.6419,216.0034,0.7263,-7.914,16.1449,82.4444,1.4062,1033,1033,190.9859,85.9805,6.6602,-162,10.0502,,5.3987
167257,157,1.4049,116.0542,1.4526,663,0,,9.2343,8.25,4.1484,8,-8.6666,284.3628,0.7263,-8.9864,13.6576,83.3506,1.4049,1034,1034,178.7062,87.1797,8.668,-146,8.1915,,6.1076
168291,158,1.3874,114.6132,1.4526,669,0,,5.3559,2.6328,4.6641,7,-6.2369,201.1719,0.7263,-7.7523,15.5769,78.7993,1.3874,1047,1047,176.9841,84.5039,6.2969,-146,8.1915,,5.5606
169338,159,1.3782,113.852,1.4526,679,0,,5.5584,3.4336,4.3711,7,-6.6611,225.4639,0.7263,-9.9268,16.5246,76.0301,1.3782,1054,1054,181.0667,88.6875,6.5234,-152,8.8681,,5.2905
170392,160,1.4256,117.7625,1.4526,669,0,,12.6448,11.8125,4.5117,7,-5.9815,213.8672,0.7263,-13.8435,15.6081,81.4577,1.4256,1019,1019,191.1429,85.3867,5.8945,-160,9.8084,,5.5517
171411,161,1.4062,116.1665,1.4526,674,0,,11.5104,2.8789,11.1445,7,-6.1046,225.0366,0.7263,-8.0996,16.2046,81.4359,1.4062,1033,1033,187.7437,85.168,6.0742,-158,9.5693,,5.3817
172444,162,1.373,113.4216,1.4526,679,0,,14.7272,13.9375,4.7578,7,-8.7791,288.208,0.7263,-11.8552,17.3117,77.112,1.373,1058,1058,179.1557,82.7383,8.5391,-150,8.6398,,5.0662
173502,163,1.493,123.3299,1.4526,674,0,,5.3578,3.2266,4.2773,8,-3.7319,150.5737,0.7263,-4.8597,14.2858,79.6413,1.493,973,973,225.4181,87.0508,3.6055,-188,13.4244,,5.9286
174475,164,1.2993,107.3345,1.4526,733,0,,11.1086,9.5117,5.7383,12,-2.4132,63.7207,0.7263,-8.4621,6.352,71.4749,1.2993,1118,1118,190.3896,80.7891,2.9805,-174,11.5554,,8.1897
175593,165,1.3717,113.3144,1.4526,683,0,,5.3789,3.2305,4.3008,7,-3.934,138.6108,0.7263,-3.4517,17.0663,75.734,1.3717,1059,1059,181.6489,79.2695,3.8516,-154,9.0991,,5.1361
176652,166,1.3928,115.0527,1.4526,674,0,,14.1386,11.4961,8.2305,8,-5.7071,213.0737,0.7263,-7.7367,14.1499,81.1176,1.3928,1043,1043,182.6558,86.582,5.6172,-153,8.9833,,5.9673
177695,167,1.3914,114.9425,1.4526,664,0,,6.5413,4.9219,4.3086,8,-5.0115,210.8154,0.7263,-6.5934,13.9629,79.1536,1.3914,1044,1044,174.7368,83.3672,5,-142,7.7543,,6.0206
178739,168,1.434,118.46,1.4526,655,0,,15.4231,14.8203,4.2695,8,-5.0931,207.8247,0.7263,-11.4544,14.2914,78.7286,1.434,1013,1013,182.9609,85.8789,4.9258,-149,8.5267,,5.9269
179752,169,1.3928,115.0527,1.4526,674,0,,7.0944,2.5273,6.6289,10,-3.6683,179.9316,0.7263,-9.1489,9.1604,75.5478,1.3928,1043,1043,182.6558,80.3359,4.5313,-153,8.9833,,7.3893
180795,170,1.3928,115.0527,1.4526,658,0,,14.9086,14.207,4.5195,8,-4.6956,200.8057,0.7263,-2.2292,14.5512,75.9451,1.3928,1043,1043,170.9091,84.7344,4.5781,-137,7.2237,,5.8529
181838,171,1.3995,115.6069,1.4526,658,0,,16.5161,15.9609,4.2461,8,-4.9774,199.8901,0.7263,-6.6566,14.6654,75.6116,1.3995,1038,1038,173.1579,87.0117,4.8789,-139,7.4339,,5.8204
182876,172,1.3848,114.3947,1.4526,674,0,,6.4706,3.2188,5.6133,7,-5.3981,154.1138,0.7263,-5.4032,17.2623,74.5246,1.3848,1049,1049,179.7333,80.4805,5.2813,-150,8.6398,,5.0802
183925,173,1.3861,114.5038,1.4526,678,0,,4.7133,2.3359,4.0938,8,-8.2469,247.3145,0.7263,-3.1743,14.3894,78.8222,1.3861,1048,1048,183.2432,81.9141,8.3516,-154,9.0991,,5.899
184973,174,1.4186,117.1875,1.4526,653,0,,5.9092,4.0273,4.3242,8,-4.4904,199.7681,0.7263,-7.4142,14.3127,79.074,1.4186,1024,1024,176.0108,85.0781,4.3359,-141,7.6468,,5.9209
185997,175,1.4062,116.1665,1.4526,680,0,,13.2629,3.4414,12.8086,7,-5.4603,176.4526,0.7263,-4.6978,17.7027,78.3311,1.4062,1033,1033,192.6346,82.3047,5.3477,-164,10.2946,,4.9547
187030,176,1.3981,115.4957,1.4526,669,0,,6.7398,2.7344,6.1602,7,-4.7391,153.0151,0.7263,-9.8537,17.7663,80.628,1.3981,1039,1039,180.8108,87.0078,5.0273,-150,8.6398,,4.9366
188069,177,1.4284,117.9941,1.4526,635,0,,8.262,6.3242,5.3164,8,-5.3394,212.5244,0.7263,-11.656,13.8416,79.6473,1.4284,1017,1017,166.2304,88.6367,5.2656,-127,6.2163,,6.0551
189086,178,1.4186,117.1875,1.4526,664,0,,15.1781,14.4688,4.5859,8,-5.7558,215.7593,0.7263,-4.1741,15.4044,82.4539,1.4186,1024,1024,184.4444,86.3086,5.6055,-152,8.8681,,5.6097
190110,179,1.4062,116.1665,1.4526,664,0,,14.3935,3.6094,13.9336,7,-4.5153,201.7212,0.7263,-8.4566,17.5009,80.744,1.4062,1033,1033,179.9458,87.3711,4.2031,-148,8.4143,,5.0122
191143,180,1.4131,116.7315,1.4526,640,0,,5.3795,3.3477,4.2109,9,-4.0401,169.1895,0.7263,-6.8154,13.1597,75.5207,1.4131,1028,1028,164.9485,81.1758,3.918,-126,6.1195,,6.2495
192171,181,1.3981,115.4957,1.4526,659,0,,9.8441,8.9844,4.0234,7,-5.9865,183.6548,0.7263,-5.0936,17.3839,77.8071,1.3981,1039,1039,173.4211,84.2305,6.0352,-140,7.54,,5.0456
193210,182,1.373,113.4216,1.4526,674,0,,6.5347,4.1367,5.0586,8,-3.637,158.2642,0.7263,-2.4208,15.1056,78.9547,1.373,1058,1058,175.5208,86.6289,3.5313,-145,8.0812,,5.6949
194268,183,1.3914,114.9425,1.4526,669,0,,7.816,3.125,7.1641,8,-4.0142,159.3628,0.7263,-9.3714,13.4832,79.8425,1.3914,1044,1044,178.4,86.5234,4.1406,-147,8.3025,,6.1573
195312,184,1.3861,114.5038,1.4526,654,0,,11.9501,11.125,4.3633,10,-2.4515,164.5508,0.7263,-5.6985,10.1171,83.7921,1.3861,1048,1048,165.9898,91.5039,2.3047,-130,6.5109,,7.1166
196360,185,1.3995,115.6069,1.4526,675,0,,11.5743,2.4297,11.3164,7,-4.4726,153.1372,0.7263,-4.4934,17.2789,80.6681,1.3995,1038,1038,185.9504,85.3086,4.4375,-156,9.3329,,5.0755
197398,186,1.3717,113.3144,1.4526,679,0,,11.4263,10.457,4.6055,9,-4.5109,202.8198,0.7263,-6.0628,12.8616,82.3087,1.3717,1059,1059,178.6842,86.1484,4.6172,-150,8.6398,,6.3344
198457,187,1.3874,114.6132,1.4526,674,0,,4.4756,2.0078,4,8,-6.6129,231.0791,0.7263,-4.9399,14.613,79.849,1.3874,1047,1047,180.6971,86.0547,6.4883,-151,8.7536,,5.8353
199504,188,1.3914,114.9425,1.4526,634,0,,13.6021,10.8086,8.2578,9,-5.9815,288.8184,0.7263,-0.7776,12.2728,79.0948,1.3914,1044,1044,154.6341,86.5547,6.1719,-112,4.8421,,6.5023
200548,189,1.4483,119.6411,1.4526,639,0,,6.248,2.8906,5.5391,7,-5.8916,245.0562,0.7263,-3.8821,15.6193,81.7544,1.4483,1003,1003,175.5495,89.6406,5.7852,-138,7.3284,,5.5485
201551,190,1.4117,116.6181,1.4526,653,0,,6.1498,3.9297,4.7305,7,-6.6,258.4839,0.7263,-6.6131,16.1764,85.7933,1.4117,1029,1029,173.6702,91.918,6.5195,-139,7.4339,,5.3897
202580,191,1.42,117.3021,1.4526,643,0,,8.5882,5.9961,6.1484,8,-5.3347,213.1958,0.7263,-13.2325,13.6698,83.3689,1.42,1023,1023,169.2105,89.0508,5.4141,-132,6.711,,6.1041
203603,192,1.4326,118.3432,1.4526,639,0,,8.2085,5.1758,6.3711,7,-5.0335,204.7729,0.7263,-11.8682,16.7774,83.1005,1.4326,1014,1014,170.4,89.7227,5.0703,-132,6.711,,5.2184
204617,193,1.42,117.3021,1.4526,633,0,,8.1092,4.0938,7,8,-5.8236,215.8203,0.7263,1.4964,14.7171,82.2112,1.42,1023,1023,162.3077,89.2773,5.8984,-122,5.7398,,5.8056
205640,194,1.4145,116.8452,1.4526,650,0,,9.526,8.5156,4.2695,8,-4.2455,192.0776,0.7263,-11.2028,13.8412,85.5721,1.4145,1027,1027,172.4138,91.957,4.1563,-137,7.2237,,6.0553
206667,195,1.4256,117.7625,1.4526,644,0,,10.54,9.6016,4.3477,7,-6.1097,228.0884,0.7263,-3.344,16.0859,84.8959,1.4256,1019,1019,171.7333,89.1133,6.125,-135,7.0165,,5.4155
207686,196,1.4541,120.1201,1.4526,629,0,,10.781,8.9414,6.0234,7,-6.7637,282.8979,0.7263,-7.8434,15.5543,85.2668,1.4541,999,999,170,91.625,6.7266,-130,6.5109,,5.567
208685,197,1.4556,120.2405,1.4526,629,0,,6.4841,4.3281,4.8281,7,-4.968,206.543,0.7263,-5.8273,16.6799,87.8667,1.4556,998,998,170.4607,93.9648,4.9805,-130,6.5109,,5.2462
209683,198,1.4483,119.6411,1.4526,634,0,,13.7854,11.6836,7.3164,7,-5.6406,223.5718,0.7263,-6.1682,16.6616,87.122,1.4483,1003,1003,171.8157,91.0117,5.5469,-133,6.8121,,5.2514
210686,199,1.4397,118.9296,1.4526,634,0,,5.1432,2.4258,4.5352,8,-4.0555,198.8525,0.7263,-4.6295,13.342,86.0512,1.4397,1009,1009,169.0667,89.6836,4.9961,-130,6.5109,,6.1975
211695,200,1.4483,119.6411,1.4526,629,0,,5.4567,3.0977,4.4922,8,-5.7085,248.9014,0.7263,-7.3789,14.9966,81.2395,1.4483,1003,1003,168.1818,87.9922,6.2461,-128,6.3138,,5.726
212698,201,1.4541,120.1201,1.4526,644,0,,7.8978,6.3477,4.6992,7,-5.6269,216.4307,0.7263,-6.5102,16.4793,85.3391,1.4541,999,999,181.4085,89.9531,5.4453,-145,8.0812,,5.3034
213697,202,1.4483,119.6411,1.4526,634,0,,9.1811,3.3828,8.5352,7,-4.6666,179.4434,0.7263,-5.0938,17.4209,84.0046,1.4483,1003,1003,171.8157,89.6055,4.7539,-133,6.8121,,5.035
214700,203,1.4411,119.0476,1.4526,645,0,,15.7407,2.5352,15.5352,6,-5.5002,214.2944,0.7263,-6.9113,17.9545,82.7217,1.4411,1008,1008,177.686,89.4922,5.2578,-141,7.6468,,4.883
215708,204,1.4688,121.3347,1.4526,624,0,,7.6892,4.9375,5.8945,8,-7.0314,257.9346,0.7263,-8.0192,14.7518,82.7625,1.4688,989,989,170.9589,89.0273,6.8438,-130,6.5109,,5.7957
216697,205,1.5085,124.6106,1.4526,610,0,,14.2752,11.8203,8.0039,7,-6.5097,225.769,0.7263,-8.6006,17.2218,84.9829,1.5085,963,963,172.8045,90.668,6.4844,-129,6.412,,5.0918
217660,206,1.4469,119.5219,1.4526,629,0,,15.1212,12.6289,8.3164,7,-4.6954,161.0718,0.7263,-8.6337,16.8773,83.4779,1.4469,1004,1004,167.7333,89.043,4.8203,-127,6.2163,,5.19
218664,207,1.4629,120.8459,1.4526,619,0,,5.7616,3.2148,4.7813,8,-5.235,212.7075,0.7263,-4.4088,15.4239,82.1756,1.4629,993,993,165.508,88.7891,5.5859,-123,5.8336,,5.6042
219657,208,1.4703,121.4575,1.4526,640,0,,14.4634,13.4023,5.4375,8,-5.2848,198.5474,0.7263,-5.0272,15.4511,88.2348,1.4703,988,988,183.908,92.2578,5.1602,-146,8.1915,,5.5964
220645,209,1.4629,120.8459,1.4526,629,0,,6.2808,4.0078,4.8359,9,-4.5949,198.0591,0.7263,-6.156,12.8888,88.8228,1.4629,993,993,172.8022,93.3008,4.3555,-133,6.8121,,6.3267
221638,210,1.4763,121.9512,1.4526,613,0,,6.6251,4.2031,5.1211,8,-4.6726,238.1592,0.7263,-2.9252,14.5753,83.6229,1.4763,984,984,165.2291,90.7383,4.4883,-121,5.6467,,5.846
222622,211,1.4629,120.8459,1.4526,634,0,,11.0877,3.0898,10.6484,7,-3.7031,158.5693,0.7263,-5.2283,15.9646,88.6838,1.4629,993,993,176.6017,92.8438,3.582,-138,7.3284,,5.4501
223615,212,1.4703,121.4575,1.4526,624,0,,10.52,3.043,10.0703,6,-6.2925,229.0649,0.7263,-8.3652,17.9811,82.2663,1.4703,988,988,171.4286,87.7578,6.2383,-130,6.5109,,4.8754
224603,213,1.4326,118.3432,1.4526,614,0,,13.7639,11.6484,7.332,8,-5.9412,244.6899,0.7263,-4.8906,14.5162,77.8979,1.4326,1014,1014,153.5,89.5352,6.0898,-107,4.4212,,5.8629
225617,214,1.42,117.3021,1.4526,664,0,,9.125,6.8477,6.0313,6,-6.148,211.792,0.7263,-4.0169,17.9435,83.2783,1.42,1023,1023,184.9582,87.8359,6.0703,-153,8.9833,,4.8861
226640,215,1.4186,117.1875,1.4526,649,0,,5.6964,3.5078,4.4883,7,-5.429,187.3169,0.7263,-6.3643,16.9482,84.8756,1.4186,1024,1024,173.0667,88.9023,5.3945,-137,7.2237,,5.1698
227664,216,1.3928,115.0527,1.4526,669,0,,7.4032,2.7266,6.8828,6,-5.4721,188.2935,0.7263,0.3208,19.3888,78.6744,1.3928,1043,1043,178.877,85.6094,5.6055,-148,8.4143,,4.4742
228707,217,1.3995,115.6069,1.4526,658,0,,5.8603,3.7773,4.4805,8,-3.4797,145.9351,0.7263,-7.6499,13.6336,86.6491,1.3995,1038,1038,173.1579,96.6875,3.5195,-139,7.4339,,6.1144
229745,218,1.3995,115.6069,1.4526,654,0,,6.2149,2.6758,5.6094,8,-4.3072,164.5508,0.7263,-4.4669,14.9672,83.5066,1.3995,1038,1038,170.3125,88.6133,4.2578,-135,7.0165,,5.7343
230783,219,1.2765,105.4482,1.4526,684,0,,7.0388,2.6914,6.5039,8,-5.2753,197.4487,0.7263,-9.2053,14.5027,79.1816,1.2765,1138,1138,150.6608,87.418,5.3242,-115,5.1036,,5.8667
231921,220,1.164,96.1538,1.4526,784,0,,10.5714,8.9727,5.5898,9,-6.4212,239.9902,0.7263,-12.7146,12.2758,70.0483,1.164,1248,1248,168.9655,77.0195,6.6953,-160,9.8084,,6.5014
268425,226,1.5007,123.9669,1.4526,629,0,,2.932,1.8516,2.2734,5,-8.9246,0,0.7263,5.3361,22.3106,66.097,1.5007,968,968,185.5457,72.0391,0,-145,8.0812,,3.6415
269393,227,1.7314,143.0274,1.4526,504,0,,8.7698,5.9766,6.418,4,-9.5087,430.0537,0.7263,-1.9814,23.2943,87.0714,1.7314,839,839,150.4478,97.6992,8.918,-85,2.7933,,3.3611
270232,228,1.634,134.9831,1.4526,524,0,,10.885,9.082,6,3,-7.0758,257.0801,0.7263,-8.6287,25.7343,92.7381,1.634,889,889,143.5616,98.6641,7.5117,-80,2.4748,,2.6657
271121,229,1.5998,132.1586,1.4526,549,0,,14.2003,11.7695,7.9453,3,-7.1529,272.9492,0.7263,-4.4453,27.0994,88.8573,1.5998,908,908,152.9248,94.6094,7.7461,-95,3.4877,,2.2767
272029,230,1.6526,136.5188,1.4526,530,0,,11.1937,9.8633,5.293,4,-8.1957,352.9053,0.7263,-4.8592,23.0665,94.0587,1.6526,879,879,151.8625,99.1875,8.4219,-91,3.2008,,3.4261
272908,231,1.6176,133.6303,1.4526,560,0,,16.5003,14.9492,6.9844,2,-7.0967,241.0889,0.7263,-3.4841,29.442,89.5334,1.6176,898,898,165.6805,95.4922,6.8867,-111,4.7564,,1.609
273806,232,1.5911,131.4348,1.4526,544,0,,14.4503,8.3398,11.8008,4,-3.0159,114.563,0.7263,-12.4224,25.1917,88.6438,1.5911,913,913,147.4255,93.793,3.8281,-88,2.9937,,2.8204
274719,233,1.5553,128.4797,1.4526,558,0,,10.1429,4.6016,9.0391,5,-8.2883,338.3789,0.7263,-5.0648,22.3156,86.7334,1.5553,934,934,148.4043,93.6211,9.1992,-91,3.2008,,3.6401
275653,234,1.5405,127.2534,1.4526,604,0,,12.6644,4.3906,11.8789,3,-6.92,193.1763,0.7263,-5.8326,26.9121,88.942,1.5405,943,943,178.1711,92.7227,6.4258,-133,6.8121,,2.3301
276596,235,1.5148,125.1303,1.4526,570,0,,13.2124,11.5117,6.4844,9,-1.6163,127.1362,0.7263,-7.0219,11.5937,94.1817,1.5148,959,959,146.5296,103.5625,2.2305,-91,3.2008,,6.6958
277555,236,1.4853,122.6994,1.4526,595,0,,10.4502,9.2578,4.8477,9,-3.2734,279.9072,0.7263,-5.1864,11.5578,86.8656,1.4853,978,978,155.3525,97.8906,3.293,-106,4.3392,,6.706
278533,237,1.493,123.3299,1.4526,609,0,,16.8487,14.3555,8.8203,5,-6.5347,239.502,0.7263,-10.981,20.3815,86.3706,1.493,973,973,167.3077,94.3359,7.0898,-123,5.8336,,4.1913
279506,238,1.5148,125.1303,1.4526,614,0,,10.2558,2.3438,9.9844,4,-9.0959,295.5933,0.7263,-1.9722,24.1703,88.1588,1.5148,959,959,177.971,93.8008,9.4805,-135,7.0165,,3.1115
280465,239,1.5163,125.261,1.4526,594,0,,10.8719,8.8516,6.3125,5,-6.9178,286.1938,0.7263,-7.9161,20.6173,90.4902,1.5163,958,958,163.1868,95.5938,7.418,-115,5.1036,,4.1241
281423,240,1.5388,127.1186,1.4526,579,0,,14.3589,10.8047,9.457,4,-9.022,298.0957,0.7263,-1.4438,24.5493,83.3539,1.5388,944,944,158.6301,91.0547,9.6641,-107,4.4212,,3.0034
282367,241,1.5487,127.9318,1.4526,594,0,,13.273,12.3438,4.8789,4,-6.7384,232.4219,0.7263,-4.8932,24.0156,85.4266,1.5487,938,938,172.6744,91.7734,6.4922,-125,6.0235,,3.1556
283305,242,1.547,127.7955,1.4526,590,0,,8.0997,5.9961,5.4453,5,-7.0066,258.667,0.7263,-3.885,21.1717,90.453,1.547,939,939,169.0544,96.6758,7.4414,-121,5.6467,,3.9661
284244,243,1.5243,125.9182,1.4526,584,0,,6.7215,4.6602,4.8438,6,-4.5981,191.04,0.7263,-9.0024,19.4443,89.146,1.5243,953,953,158.2656,95.5078,4.9453,-108,4.5038,,4.4584
285197,244,1.5148,125.1303,1.4526,594,0,,8.6506,7.1328,4.8945,6,-4.8213,189.1479,0.7263,-8.3453,19.4673,86.8502,1.5148,959,959,162.7397,93.7031,5.1602,-115,5.1036,,4.4518
286156,245,1.4945,123.4568,1.4526,619,0,,12.9085,11.4375,5.9844,5,-7.8217,252.1362,0.7263,-7.1631,21.7694,87.792,1.4945,972,972,175.3541,93.1953,7.9727,-133,6.8121,,3.7957
287128,246,1.5148,125.1303,1.4526,598,0,,8.574,5.7422,6.3672,6,-5.2014,225.2197,0.7263,-10.1597,18.3452,93.3946,1.5148,959,959,165.651,98.1445,5.4805,-119,5.4627,,4.7716
288087,247,1.5163,125.261,1.4526,594,0,,7.1433,4.418,5.6133,6,-5.5329,210.5103,0.7263,-4.1269,18.7178,88.8897,1.5163,958,958,163.1868,94.3516,6.0469,-115,5.1036,,4.6654
289045,248,1.5307,126.4489,1.4526,594,0,,8.2263,2.3125,7.8945,5,-6.0721,215.271,0.7263,-4.7197,21.3426,88.9076,1.5307,949,949,167.3239,93.4688,6.4297,-120,5.5543,,3.9174
289994,249,1.5148,125.1303,1.4526,593,0,,13.2954,6.9727,11.3203,6,-2.6548,109.6191,0.7263,-3.7817,18.075,90.0359,1.5148,959,959,162.0219,94.6367,3.0898,-114,5.0157,,4.8486
290953,250,1.5022,124.0951,1.4526,599,0,,5.6594,3.0586,4.7617,6,-3.9091,164.0625,0.7263,-7.018,19.6293,84.8427,1.5022,967,967,162.7717,89.1406,4.2813,-116,5.1923,,4.4056
291920,251,1.5069,124.4813,1.4526,603,0,,14.4204,10.6641,9.707,6,-5.1474,192.0166,0.7263,-7.6325,19.8683,86.0013,1.5069,964,964,167.036,92.2266,5.5742,-121,5.6467,,4.3375
292884,252,1.493,123.3299,1.4526,609,0,,15.6318,12.4258,9.4844,6,-4.6769,176.1475,0.7263,-5.5814,18.7119,88.973,1.493,973,973,167.3077,93.0508,5.1953,-123,5.8336,,4.6671
293857,253,1.5148,125.1303,1.4526,613,0,,11.0151,4.4102,10.0938,5,-5.5229,212.2192,0.7263,-8.0379,21.0214,87.8047,1.5148,959,959,177.1676,92.1641,5.6133,-134,6.9139,,4.0089
294816,254,1.5085,124.6106,1.4526,610,0,,10.8304,2.8047,10.4609,5,-5.183,173.4009,0.7263,-4.4988,22.1443,87.8967,1.5085,963,963,172.8045,92.0469,5.6523,-129,6.412,,3.6889
295779,255,1.493,123.3299,1.4526,624,0,,13.248,11.0625,7.2891,6,-4.4174,169.4336,0.7263,-4.0961,18.6654,91.6629,1.493,973,973,178.7966,95.1289,4.5508,-138,7.3284,,4.6804
296752,256,1.5163,125.261,1.4526,593,0,,17.179,14.9531,8.457,5,-2.7256,97.4121,0.7263,-8.6089,22.2042,84.7768,1.5163,958,958,162.4658,90.0547,3.1875,-114,5.0157,,3.6718
297710,257,1.5211,125.6545,1.4526,580,0,,14.439,13.6992,4.5625,6,-5.3249,193.6646,0.7263,-0.8536,19.0168,87.4049,1.5211,955,955,154.6667,93.7852,5.7969,-103,4.0979,,4.5802
298665,258,1.5163,125.261,1.4526,609,0,,14.7195,8.8398,11.7695,5,-6.0867,200.6226,0.7263,-1.264,22.776,89.1373,1.5163,958,958,174.4986,93.5703,6.0156,-130,6.5109,,3.5088
299623,259,1.51,124.7401,1.4526,608,0,,11.5505,9.1367,7.0664,6,-4.897,188.3545,0.7263,1.144,19.1931,88.2349,1.51,962,962,171.7514,91.5352,5.2266,-127,6.2163,,4.53
300585,260,1.4991,123.839,1.4526,619,0,,5.9039,4.0195,4.3242,5,-5.2438,161.7432,0.7263,-8.1874,21.8646,86.1322,1.4991,969,969,176.8571,90.0781,5.2852,-135,7.0165,,3.7686
301554,261,1.4914,123.2033,1.4526,615,0,,6.0049,3.4063,4.9453,5,-5.9594,229.3091,0.7263,-6.9354,20.5356,91.4559,1.4914,974,974,171.3092,95.7852,6.4766,-128,6.3138,,4.1473
302528,262,1.4629,120.8459,1.4526,568,0,,6.148,3.7813,4.8477,5,-6.6385,219.1162,0.7263,-2.1333,21.774,68.0908,1.4629,993,993,133.6471,88.9688,6.7383,-72,2.005,,3.7944
303521,263,1.5085,124.6106,1.4526,614,0,,13.1701,1.9336,13.0273,5,-5.716,216.3086,0.7263,-6.5879,22.0629,85.9103,1.5085,963,963,175.9312,90,5.9375,-133,6.8121,,3.7121
304484,264,1.5069,124.4813,1.4526,605,0,,8.4531,6.7578,5.0781,7,-6.4035,242.5537,0.7263,-8.0733,16.7826,88.9053,1.5069,964,964,168.5237,93.0938,6.6641,-123,5.8336,,5.217
305448,265,1.4556,120.2405,1.4526,635,0,,6.4689,4.5781,4.5703,6,-4.9674,179.8706,0.7263,-5.7582,18.9107,88.9869,1.4556,998,998,174.9311,94.332,5.5078,-136,7.1198,,4.6104
306446,266,1.4853,122.6994,1.4526,634,0,,12.7698,2.5352,12.5156,5,-4.466,139.7095,0.7263,-7.7077,22.0511,87.0968,1.4853,978,978,184.3023,91.625,4.5391,-145,8.0812,,3.7154
307424,267,1.4914,123.2033,1.4526,609,0,,6.3723,4.4922,4.5195,6,-6.4634,243.3472,0.7263,0.6006,18.591,90.5928,1.4914,974,974,166.8493,94.8555,7.1094,-122,5.7398,,4.7016
308398,268,1.4556,120.2405,1.4526,643,0,,14.098,10,9.9375,6,-5.7859,212.7686,0.7263,-8.0664,20.2611,91.454,1.4556,998,998,181.1268,97.0156,5.5898,-144,7.9715,,4.2256
309396,269,1.4838,122.5741,1.4526,624,0,,12.1342,6.2734,10.3867,5,-8.7415,327.3926,0.7263,-6.5755,20.4225,90.2356,1.4838,979,979,175.7746,96.1133,9.0469,-135,7.0165,,4.1796
310375,270,1.4703,121.4575,1.4526,629,0,,15.4837,14.7422,4.7344,6,-7.3113,256.4087,0.7263,-0.6203,18.6614,91.1537,1.4703,988,988,175.2089,97.4414,7.6602,-135,7.0165,,4.6815
311363,271,1.4411,119.0476,1.4526,659,0,,5.8123,2.8555,5.0625,5,-10.7395,318.2373,0.7263,-5.9093,20.6167,91.1073,1.4411,1008,1008,188.8252,94.2227,11.3828,-155,9.2157,,4.1242
312371,272,1.4411,119.0476,1.4526,654,0,,5.4758,3.293,4.375,5,-7.3149,222.1069,0.7263,-3.5828,21.0288,89.5595,1.4411,1008,1008,184.7458,92.2383,8.207,-150,8.6398,,4.0068
313379,273,1.4763,121.9512,1.4526,614,0,,11.6935,10.3047,5.5273,6,-6.4261,241.8823,0.7263,3.2531,18.7791,86.2379,1.4763,984,984,165.9459,92.6172,6.8477,-122,5.7398,,4.648
314363,274,1.4483,119.6411,1.4526,623,0,,13.7191,12.8633,4.7695,6,-6.4503,225.9521,0.7263,-5.2956,18.1594,90.8025,1.4483,1003,1003,163.9474,95.1445,6.8438,-122,5.7398,,4.8246
315366,275,1.5069,124.4813,1.4526,624,0,,6.4189,3.0273,5.6602,6,-6.6908,298.4009,0.7263,-5.889,19.3509,85.3001,1.5069,964,964,183.5294,91.3359,7.7383,-142,7.7543,,4.485
316330,276,1.51,124.7401,1.4526,614,0,,7.9186,3.1758,7.2539,6,-7.9268,302.6733,0.7263,-0.4316,19.4077,92.1927,1.51,962,962,176.4368,96.0273,8.4922,-133,6.8121,,4.4688
317292,277,1.4541,120.1201,1.4526,624,0,,10.061,8.7617,4.9453,7,-7.7625,279.7241,0.7263,-4.7214,16.706,89.3161,1.4541,999,999,166.4,95.7109,8.2852,-125,6.0235,,5.2388
318291,278,1.4541,120.1201,1.4526,619,0,,6.1207,3.8164,4.7852,7,-6.7465,290.0391,0.7263,-2.5239,17.045,88.8947,1.4541,999,999,162.8947,94.2852,7.6484,-120,5.5543,,5.1422
319290,279,1.4778,122.0753,1.4526,619,0,,5.9997,3.9727,4.4961,6,-6.7922,295.2881,0.7263,-10.0152,18.7422,93.9892,1.4778,983,983,170.0549,97.7227,6.9961,-128,6.3138,,4.6585
320273,280,1.4868,122.825,1.4526,629,0,,12.3035,9.0313,8.3555,7,-5.7207,212.0361,0.7263,-3.9671,17.7432,91.5345,1.4868,977,977,180.7471,95.9805,6.1094,-141,7.6468,,4.9432
321250,281,1.4688,121.3347,1.4526,624,0,,13.947,2.3125,13.7539,5,-6.7689,255.7983,0.7263,-11.6337,20.524,87.7191,1.4688,989,989,170.9589,92.4805,6.8867,-130,6.5109,,4.1507
322239,282,1.4614,120.7243,1.4526,638,0,,13.1323,12.4805,4.0859,6,-8.4272,275.6958,0.7263,-7.7858,19.9338,88.1055,1.4614,994,994,179.2135,92.0391,8.043,-141,7.6468,,4.3189
323233,283,1.4793,122.1996,1.4526,633,0,,10.3503,9.3711,4.3945,6,-8.3992,261.5967,0.7263,-0.0047,18.9983,87.7692,1.4793,982,982,181.3754,91.5273,8.668,-142,7.7543,,4.5855
324215,284,1.4838,122.5741,1.4526,619,0,,6.1903,4.4258,4.3281,6,-7.0426,255.249,0.7263,-8.3452,18.6553,87.779,1.4838,979,979,171.9444,92.3125,7.0313,-130,6.5109,,4.6832
325194,285,1.4853,122.6994,1.4526,619,0,,6.4096,4.3164,4.7383,6,-8.4899,283.2642,0.7263,-7.5006,18.7607,91.6827,1.4853,978,978,172.4234,95.7695,8.6094,-130,6.5109,,4.6532
326172,286,1.4838,122.5741,1.4526,613,0,,7.6012,3.0977,6.9414,6,-6.3933,237.5488,0.7263,-9.4035,19.4912,90.4104,1.4838,979,979,167.4863,94.1719,6.8672,-124,5.9282,,4.445
327151,287,1.5085,124.6106,1.4526,624,0,,12.6935,3.4805,12.207,6,-9.9824,368.5303,0.7263,-6.9744,19.429,92.9667,1.5085,963,963,184.0708,96.1836,9.9414,-143,7.8626,,4.4627
328114,288,1.4991,123.839,1.4526,615,0,,10.2257,2.1367,10,5,-9.1152,288.5132,0.7263,-3.9168,22.2835,87.7487,1.4991,969,969,173.7288,91.8359,9.3594,-131,6.6106,,3.6492
329083,289,1.5007,123.9669,1.4526,603,0,,7.9171,6.3945,4.668,6,-7.9077,271.6675,0.7263,-7.1487,19.3581,85.0797,1.5007,968,968,165.2055,90.8516,8.0703,-119,5.4627,,4.4829
330051,290,1.493,123.3299,1.4526,624,0,,8.4353,6.7734,5.0273,6,-5.6267,202.0874,0.7263,-3.9052,19.1705,89.3698,1.493,973,973,178.7966,95.082,6.082,-138,7.3284,,4.5364
331024,291,1.4556,120.2405,1.4526,614,0,,5.8462,3.8242,4.4219,6,-5.701,211.6699,0.7263,-8.8672,19.34,86.3287,1.4556,998,998,159.8958,92.1289,5.9883,-115,5.1036,,4.4881
332022,292,1.4853,122.6994,1.4526,614,0,,12.8532,9.3047,8.8672,5,-5.7929,190.3076,0.7263,-8.716,22.8041,88.8742,1.4853,978,978,168.6813,92.8555,6.1758,-125,6.0235,,3.5008
333000,293,1.4763,121.9512,1.4526,609,0,,6.2239,3.9609,4.8008,4,-8.0896,248.7793,0.7263,-8.9676,23.5177,79.9611,1.4763,984,984,162.4,88.6992,8.4023,-117,5.2817,,3.2975
333984,294,1.4629,120.8459,1.4526,619,0,,8.8809,7.0547,5.3945,5,-5.7424,220.2148,0.7263,-2.4025,20.9866,88.1985,1.4629,993,993,165.508,95.2578,6.2656,-123,5.8336,,4.0188
334977,295,1.4914,123.2033,1.4526,614,0,,11.9014,3.625,11.3359,5,-6.3423,241.2109,0.7263,-1.4725,22.3991,86.6971,1.4914,974,974,170.5556,93.6484,6.8477,-127,6.2163,,3.6163
335951,296,1.4853,122.6994,1.4526,629,0,,13.9447,4.5664,13.1758,4,-8.7705,256.2866,0.7263,-8.1899,24.7402,85.1211,1.4853,978,978,180.2292,89.0352,9.2031,-140,7.54,,2.949
336929,297,1.4838,122.5741,1.4526,629,0,,14.4391,10.4531,9.9609,5,-5.0946,183.6548,0.7263,-5.3978,21.3628,90.2142,1.4838,979,979,179.7143,94.3906,5.2266,-140,7.54,,3.9116
337908,298,1.4483,119.6411,1.4526,629,0,,7.3183,5.2734,5.0742,6,-4.5895,165.5273,0.7263,-7.4525,19.9966,86.1022,1.4483,1003,1003,168.1818,93.6406,4.9336,-128,6.3138,,4.301
338911,299,1.4556,120.2405,1.4526,598,0,,6.9776,4.4961,5.3359,7,-4.6773,224.8535,0.7263,-5.7279,16.4735,77.7684,1.4556,998,998,149.5,85.3359,5.2617,-99,3.7868,,5.305
339909,300,1.4629,120.8459,1.4526,624,0,,9.7349,5.5469,8,6,-5.7992,233.6426,0.7263,-4.2722,19.6242,82.8231,1.4629,993,993,169.1057,90.9219,5.6523,-128,6.3138,,4.4071
340902,301,1.4541,120.1201,1.4526,634,0,,6.7052,5.2617,4.1563,5,-5.4313,192.3218,0.7263,-7.2922,20.4641,86.0958,1.4541,999,999,173.6986,89.9258,5.7734,-135,7.0165,,4.1677
341901,302,1.5085,124.6106,1.4526,633,0,,7.278,3.7422,6.2422,5,-7.2533,241.394,0.7263,-3.7732,21.7308,88.975,1.5085,963,963,191.8182,92.5039,7.4609,-152,8.8681,,3.8067
342864,303,1.4991,123.839,1.4526,613,0,,9.3736,7.9336,4.9922,6,-5.1956,165.4663,0.7263,-4.9308,19.8315,87.7042,1.4991,969,969,172.191,91.9805,5.3516,-129,6.412,,4.348
343833,304,1.5163,125.261,1.4526,619,0,,9.0239,7.875,4.4063,4,-9.3618,252.9297,0.7263,-4.2718,25.0999,81.388,1.5163,958,958,182.5959,84.8281,9.3828,-140,7.54,,2.8465
344791,305,1.5163,125.261,1.4526,614,0,,13.1489,12.2969,4.6563,5,-8.665,286.8042,0.7263,-7.268,21.7339,86.1148,1.5163,958,958,178.4884,91.4102,8.6484,-135,7.0165,,3.8058
345749,306,1.5007,123.9669,1.4526,629,0,,9.2238,6.6211,6.4219,4,-7.5968,240.9058,0.7263,0.0908,24.5194,84.7189,1.5007,968,968,185.5457,88,7.6289,-145,8.0812,,3.012
346717,307,1.4838,122.5741,1.4526,640,0,,11.0983,3.707,10.4609,4,-6.1308,176.8799,0.7263,-6.4677,24.6397,82.1789,1.4838,979,979,188.7906,86.0195,6.0352,-151,8.7536,,2.9777
347696,308,1.5163,125.261,1.4526,615,0,,11.6696,3.7031,11.0664,4,-5.1761,157.1045,0.7263,-5.943,23.278,83.4924,1.5163,958,958,179.3003,87.5898,5.5234,-136,7.1198,,3.3658
348654,309,1.493,123.3299,1.4526,604,0,,6.7639,4.6602,4.9023,6,-7.7948,293.457,0.7263,-11.9922,18.3744,83.2109,1.493,973,973,163.6856,86.707,8.125,-118,5.3718,,4.7633
349627,310,1.5388,127.1186,1.4526,614,0,,7.2808,3.3789,6.4492,6,-4.2657,193.1763,0.7263,-2.9288,18.6146,85.9959,1.5388,944,944,186.0606,89.7305,5.1484,-142,7.7543,,4.6948
350571,311,1.4778,122.0753,1.4526,608,0,,16.7848,15.6563,6.0508,7,-1.599,134.0942,0.7263,-2.2913,15.5479,87.9796,1.4778,983,983,162.1333,94.4922,2.0703,-117,5.2817,,5.5688
351554,312,1.493,123.3299,1.4526,619,0,,9.6442,3.4453,9.0078,5,-5.5269,216.0034,0.7263,-2.9467,20.5976,87.8083,1.493,973,973,174.8588,91.9531,6.125,-133,6.8121,,4.1297
352527,313,1.5227,125.7862,1.4526,613,0,,12.8324,12.0664,4.3672,4,-7.9364,235.3516,0.7263,-4.3716,23.5401,85.7935,1.5227,954,954,179.7654,89.6641,7.7734,-136,7.1198,,3.2911
353481,314,1.4778,122.0753,1.4526,603,0,,8.092,5.2148,6.1875,5,-6.4292,245.2393,0.7263,-0.8546,21.2787,85.7229,1.4778,983,983,158.6842,90.082,6.7031,-112,4.8421,,3.9356
354464,315,1.4838,122.5741,1.4526,624,0,,14.4781,13.375,5.543,6,-5.9346,204.3457,0.7263,-2.7548,20.2328,87.4021,1.4838,979,979,175.7746,91.5664,6.4336,-135,7.0165,,4.2337
355443,316,1.493,123.3299,1.4526,620,0,,5.0338,2.5898,4.3164,5,-7.0034,232.605,0.7263,-7.5886,21.6712,87.5524,1.493,973,973,175.6374,91.2891,7.375,-134,6.9139,,3.8237
356416,317,1.493,123.3299,1.4526,598,0,,12.7566,8.4961,9.5156,5,-5.956,196.4111,0.7263,-3.362,21.6917,84.1834,1.493,973,973,159.4667,90.1953,6.418,-112,4.8421,,3.8179
357389,318,1.4838,122.5741,1.4526,619,0,,16.9666,15.9141,5.8828,6,-4.6278,171.6309,0.7263,-10.9744,19.8694,88.5645,1.4838,979,979,171.9444,92.418,5.2578,-130,6.5109,,4.3372
358368,319,1.4945,123.4568,1.4526,614,0,,9.4288,7.3086,5.957,5,-7.3933,248.1689,0.7263,-10.5081,21.0307,87.7035,1.4945,972,972,171.5084,93.5625,7.5195,-128,6.3138,,4.0063
359340,320,1.4763,121.9512,1.4526,615,0,,5.947,3.5938,4.7383,6,-7.7171,287.1704,0.7263,-6.6464,19.7625,89.4765,1.4763,984,984,166.6667,93.4648,8.1211,-123,5.8336,,4.3677
360324,321,1.4853,122.6994,1.4526,609,0,,8.1482,6.9922,4.1836,6,-7.5728,279.7852,0.7263,-1.5363,19.9724,87.1148,1.4853,978,978,165.0407,91.1016,7.8789,-120,5.5543,,4.3079
361302,322,1.4763,121.9512,1.4526,624,0,,8.7418,7.4805,4.5234,5,-6.3828,171.0205,0.7263,-7.1824,22.7707,86.4413,1.4763,984,984,173.3333,90.5078,6.8477,-132,6.711,,3.5104
362286,323,1.4703,121.4575,1.4526,634,0,,10.3763,9.543,4.0742,6,-5.924,205.0781,0.7263,-4.2595,19.309,89.7874,1.4703,988,988,179.096,94.4922,6.4648,-140,7.54,,4.4969
363274,324,1.4556,120.2405,1.4526,619,0,,15.209,13.2422,7.4805,7,-3.2667,121.582,0.7263,-2.7679,16.6361,89.4766,1.4556,998,998,163.3245,96.3516,4.0313,-120,5.5543,,5.2587
364272,325,1.4629,120.8459,1.4526,624,0,,12.0894,2.6953,11.7852,5,-5.1498,174.6216,0.7263,-6.3516,21.8541,84.8515,1.4629,993,993,169.1057,90.9219,5.5039,-128,6.3138,,3.7716
365265,326,1.4763,121.9512,1.4526,624,0,,5.686,2.3281,5.1875,5,-6.9805,254.2114,0.7263,-10.1906,20.5092,84.688,1.4763,984,984,173.3333,88.3711,7.7227,-132,6.711,,4.1549
366249,327,1.5007,123.9669,1.4526,619,0,,9.2964,7.5234,5.4609,5,-7.7346,255.6152,0.7263,-5.8692,22.8338,85.1418,1.5007,968,968,177.3639,89.1758,7.8984,-135,7.0165,,3.4924
367217,328,1.4838,122.5741,1.4526,604,0,,13.6994,13.0273,4.2383,7,-4.9313,199.9512,0.7263,-7.1508,16.8314,89.8913,1.4838,979,979,161.0667,95.2344,5.2891,-115,5.1036,,5.2031
368196,329,1.4945,123.4568,1.4526,624,0,,7.7599,3.0742,7.125,5,-7.8566,249.1455,0.7263,-2.8265,21.006,88.0051,1.4945,972,972,179.3103,91.7422,8.1602,-138,7.3284,,4.0133
369168,330,1.4838,122.5741,1.4526,619,0,,5.7245,3.8906,4.1992,7,-5.6832,214.8438,0.7263,-8.3326,17.5081,89.2276,1.4838,979,979,171.9444,93.7773,5.9414,-130,6.5109,,5.0102
370147,331,1.4991,123.839,1.4526,604,0,,8.0766,3.3359,7.3555,6,-3.5205,139.7705,0.7263,-5.3496,20.1804,88.1664,1.4991,969,969,165.4795,92.2461,3.9609,-120,5.5543,,4.2486
371116,332,1.4945,123.4568,1.4526,619,0,,9.1644,4.0703,8.2109,5,-6.6513,229.7363,0.7263,-3.2372,20.4703,83.5278,1.4945,972,972,175.3541,87.6367,7.0352,-133,6.8121,,4.166
372088,333,1.4838,122.5741,1.4526,614,0,,12.867,11.7031,5.3477,6,-5.714,191.8335,0.7263,-9.7192,17.9413,85.171,1.4838,979,979,168.2192,91.6953,6.0586,-125,6.0235,,4.8867
373067,334,1.5148,125.1303,1.4526,614,0,,12.8996,4.3047,12.1602,4,-6.9981,244.1406,0.7263,-8.2677,23.762,81.3729,1.5148,959,959,177.971,85.2813,7.0703,-135,7.0165,,3.2278
374026,335,1.493,123.3299,1.4526,614,0,,13.2809,11.5859,6.4922,5,-6.4718,204.834,0.7263,-7.2831,20.5386,85.1554,1.493,973,973,171.0306,89.2617,6.957,-128,6.3138,,4.1465
374999,336,1.4853,122.6994,1.4526,619,0,,5.79,3.6289,4.5117,6,-4.715,169.0674,0.7263,-3.5432,18.7353,88.3111,1.4853,978,978,172.4234,91.8828,5.2852,-130,6.5109,,4.6604
375977,337,1.4629,120.8459,1.4526,628,0,,9.9857,2.1211,9.7578,6,-5.5035,185.73,0.7263,-8.9404,19.6677,83.2215,1.4629,993,993,172.0548,89.5391,5.5508,-132,6.711,,4.3947
376970,338,1.4838,122.5741,1.4526,624,0,,4.3935,1.9648,3.9297,6,-8.2377,272.3999,0.7263,-3.3451,19.5293,85.9106,1.4838,979,979,175.7746,89.8867,8.5508,-135,7.0165,,4.4341
377949,339,1.493,123.3299,1.4526,629,0,,16.5871,15.8594,4.8594,5,-7.0929,223.2056,0.7263,-7.3541,21.0049,85.8163,1.493,973,973,182.8488,90.75,7.2695,-143,7.8626,,4.0136
378922,340,1.4763,121.9512,1.4526,629,0,,6.5046,4.2617,4.9141,5,-5.4352,159.9731,0.7263,-6.4668,21.3137,86.5946,1.4763,984,984,177.1831,89.8945,6.1523,-137,7.2237,,3.9256
379906,341,1.4483,119.6411,1.4526,623,0,,6.0082,4.3047,4.1914,8,-2.8467,150.0854,0.7263,-6.781,15.4564,91.2504,1.4483,1003,1003,163.9474,97.5938,3.3477,-122,5.7398,,5.5949
380909,342,1.4853,122.6994,1.4526,618,0,,5.2899,3.0078,4.3516,4,-6.9406,191.6504,0.7263,-6.3032,23.0509,85.0306,1.4853,978,978,171.6667,87.6836,7.7227,-129,6.412,,3.4305
381887,343,1.4838,122.5741,1.4526,614,0,,7.8102,2.7227,7.3203,6,-2.3438,105.4077,0.7263,-7.7921,18.1333,88.0388,1.4838,979,979,168.2192,94.4297,2.8945,-125,6.0235,,4.832
382866,344,1.5022,124.0951,1.4526,619,0,,9.7872,6.1406,7.6211,6,-4.2821,136.5356,0.7263,-5.9669,19.6998,91.0284,1.5022,967,967,177.8736,96.6289,4.9531,-136,7.1198,,4.3855
383833,345,1.4688,121.3347,1.4526,624,0,,14.3803,12.4258,7.2383,10,-2.2677,136.8408,0.7263,-6.3144,10.5497,98.8908,1.4688,989,989,170.9589,103.1719,2.9688,-130,6.5109,,6.9933
384822,346,1.4853,122.6994,1.4526,629,0,,6.4593,5.0313,4.0508,6,-4.0858,152.4658,0.7263,-2.3226,18.6565,89.5221,1.4853,978,978,180.2292,92.3516,4.5313,-140,7.54,,4.6829
385800,347,1.4629,120.8459,1.4526,629,0,,14.2354,12.0703,7.5469,7,-3.7171,150.6958,0.7263,-1.8211,17.7553,90.278,1.4629,993,993,172.8022,94.7305,4.7109,-133,6.8121,,4.9398
386793,348,1.4397,118.9296,1.4526,648,0,,6.9515,5.7422,3.918,7,-5.5672,173.0347,0.7263,-9.8912,17.398,90.8421,1.4397,1009,1009,179.5014,94.1445,6.1758,-144,7.9715,,5.0416
387802,349,1.4853,122.6994,1.4526,619,0,,4.8595,2.3633,4.2461,7,-6.4381,206.543,0.7263,-5.1544,16.7175,89.7276,1.4853,978,978,172.4234,93.7734,7.2109,-130,6.5109,,5.2355
388780,350,1.493,123.3299,1.4526,624,0,,8.8397,7.7617,4.2305,6,-7.3243,230.1636,0.7263,-11.4298,18.2225,86.0943,1.493,973,973,178.7966,91.6016,7.582,-138,7.3284,,4.8066
389753,351,1.5388,127.1186,1.4526,584,0,,7.8184,4.6289,6.3008,7,-6.2191,219.9097,0.7263,-1.9347,16.8261,86.648,1.5388,944,944,162.2222,89.4531,6.9102,-112,4.8421,,5.2046
393158,353,1.4483,119.6411,1.4526,644,0,,10.5262,4.582,9.4766,6,5.5548,247.6196,0.7263,-5.4781,19.4138,76.3107,1.4483,1003,1003,179.3872,82.9648,4.1445,-143,7.8626,,4.4671
394161,354,1.5405,127.2534,1.4526,574,0,,16.8464,15.4023,6.8242,5,-8.0052,305.4199,0.7263,-7.8993,22.6986,88.3073,1.5405,943,943,155.5556,93.7344,8.5742,-103,4.0979,,3.5309
395104,355,1.5487,127.9318,1.4526,593,0,,6.4585,4.5039,4.6289,5,-11.9045,403.9917,0.7263,-6.3337,22.2683,90.0694,1.5487,938,938,171.8841,93.5078,11.8789,-124,5.9282,,3.6535
396042,356,1.5163,125.261,1.4526,583,0,,6.9264,2.8594,6.3086,3,-9.9967,301.6968,0.7263,0.7181,26.3734,84.4142,1.5163,958,958,155.4667,90.2344,10.8906,-104,4.1776,,2.4836
397000,357,1.5069,124.4813,1.4526,614,0,,14.1188,11.6094,8.0352,4,-7.5645,232.1167,0.7263,-18.0568,24.6183,90.0934,1.5069,964,964,175.4286,91.8945,7.9336,-132,6.711,,2.9838
397964,358,1.4914,123.2033,1.4526,629,0,,10.351,9.3828,4.3711,2,-9.3803,256.4087,0.7263,-14.7615,30.8257,85.4009,1.4914,974,974,182.3188,88.4141,9.9688,-142,7.7543,,1.2147
398938,359,1.493,123.3299,1.4526,605,0,,7.0169,4.6992,5.2109,4,-10.8521,364.563,0.7263,-9.7872,24.4099,82.1978,1.493,973,973,164.4022,87.5586,11.7578,-119,5.4627,,3.0432
399911,360,1.5069,124.4813,1.4526,614,0,,11.6722,10.9453,4.0547,3,-13.4055,398.6816,0.7263,-5.6484,27.2403,85.6572,1.5069,964,964,175.4286,91.7852,13.2734,-132,6.711,,2.2365
400875,361,1.5841,130.8615,1.4526,544,0,,18.1656,14.9141,10.3711,5,-5.2007,219.3604,0.7263,-8.142,20.632,88.2946,1.5841,917,917,145.8445,95.8008,6.1563,-86,2.8593,,4.1199
401792,362,1.5637,129.1712,1.4526,555,0,,9.533,4.2539,8.5313,4,-8.3502,237.5488,0.7263,0.6086,24.5287,88.9829,1.5637,929,929,148.3957,90.8281,8.4766,-91,3.2008,,3.0093
402721,363,1.5323,126.5823,1.4526,589,0,,12.5561,11.1133,5.8438,5,-8.5376,384.4604,0.7263,-8.715,22.3909,94.2174,1.5323,948,948,164.0669,97.9297,8.2383,-115,5.1036,,3.6186
403669,364,1.6249,134.2282,1.4526,594,0,,8.1739,6.1953,5.332,7,-7.1242,286.0718,0.7263,-5.313,17.6663,94.8028,1.6249,894,894,198,100.6016,7.2266,-147,8.3025,,4.9651
404563,365,1.3928,115.0527,1.4526,674,0,,15.316,12.3984,8.9922,14,-8.2685,599.6704,0.7263,-31.738,2.0527,48.8962,1.3928,1043,1043,182.6558,52.6406,7.9063,-153,8.9833,,9.415
405606,366,1.3602,112.3596,1.4526,704,0,,4.8166,2.8555,3.8789,10,-6.9366,525.2075,0.7263,-18.2611,9.6831,75.3992,1.3602,1068,1068,193.4066,77.7461,10.2305,-170,11.0434,,7.2403
406674,367,2.0489,169.2525,1.4526,479,0,,14.1722,2.1523,14.0078,7,-3.3361,218.8721,0.7263,6.1289,17.5688,73.2746,2.0489,709,709,208.2609,80.4922,4.1406,-125,6.0235,,4.9929
409724,369,1.5163,125.261,1.4526,624,0,,4.8312,1.6758,4.5313,1,6.5443,0,0.7263,-9.7349,64.4049,41.1248,1.5163,958,958,186.8263,34.2891,0,-145,8.0812,,-8.3554
410682,370,1.5227,125.7862,1.4526,598,0,,6.3089,4.4961,4.4258,7,-5.0552,257.0801,0.7263,-8.3833,17.1072,99.6225,1.5227,954,954,167.9775,105.0234,5.6602,-121,5.6467,,5.1244
411636,371,1.5323,126.5823,1.4526,598,0,,14.6897,2.3047,14.5078,6,-8.048,339.2334,0.7263,-2.7416,20.0474,95.3986,1.5323,948,948,170.8571,98.9688,9.0625,-124,5.9282,,4.2865
412584,372,1.493,123.3299,1.4526,608,0,,13.228,8.9609,9.7305,6,-6.6445,296.3867,0.7263,-4.6496,18.6963,95.9406,1.493,973,973,166.5753,99.5117,7.3906,-122,5.7398,,4.6716
413557,373,1.5323,126.5823,1.4526,593,0,,12.8108,11.9023,4.7383,6,-5.8578,249.6338,0.7263,-3.0505,18.9803,95.2555,1.5323,948,948,167.0423,101.8672,6.0313,-119,5.4627,,4.5906
414505,374,1.5637,129.1712,1.4526,579,0,,16.8976,6.3281,15.668,5,-5.1292,209.2896,0.7263,-4.2989,21.0424,95.9879,1.5637,929,929,165.4286,101.4141,5.5156,-115,5.1036,,4.0029
415434,375,1.5243,125.9182,1.4526,589,0,,12.0269,10.6055,5.6719,9,-1.7412,153.2593,0.7263,-1.531,12.6961,101.8211,1.5243,953,953,161.8132,106.0156,2.1758,-113,4.9285,,6.3816
416387,376,1.5069,124.4813,1.4526,618,0,,5.2291,2.6367,4.5156,6,-5.0607,215.7593,0.7263,-8.2559,19.7486,95.5766,1.5069,964,964,178.6127,100.2188,5.168,-136,7.1198,,4.3717
417351,377,1.547,127.7955,1.4526,584,0,,14.6873,11.8281,8.707,6,-4.7403,214.2334,0.7263,-15.47,19.4887,91.9031,1.547,939,939,164.507,97.4258,4.918,-115,5.1036,,4.4457
418290,378,1.5487,127.9318,1.4526,589,0,,19.185,12.2773,14.7422,5,-5.9857,254.8218,0.7263,-6.3346,20.9679,89.9864,1.5487,938,938,168.7679,94.4844,6.3438,-120,5.5543,,4.0242
419228,379,1.5007,123.9669,1.4526,589,0,,8.7132,3.207,8.1016,6,-3.7934,164.2456,0.7263,0.9133,20.2224,94.8284,1.5007,968,968,155.409,99.3242,4.832,-105,4.258,,4.2366
420196,380,1.5721,129.8701,1.4526,574,0,,16.5858,14.3906,8.2461,6,-5.9024,230.4688,0.7263,-13.0379,20.0121,91.7189,1.5721,924,924,164,99.1445,6.1484,-112,4.8421,,4.2965
421120,381,1.567,129.4498,1.4526,553,0,,11.9461,9,7.8555,4,-5.1518,205.1392,0.7263,-3.4498,25.0115,87.407,1.567,927,927,147.861,93.4648,5.4336,-90,3.131,,2.8717
422047,382,1.5227,125.7862,1.4526,588,0,,13.8012,9.6094,9.9063,6,-4.5849,179.9927,0.7263,1.7155,20.3314,94.8448,1.5227,954,954,160.6557,100.3477,5.5156,-111,4.7564,,4.2055
423001,383,1.5227,125.7862,1.4526,584,0,,15.1128,10.1563,11.1914,7,-5.8107,290.7104,0.7263,-8.9334,16.9314,100.4834,1.5227,954,954,157.8378,106.4727,6.2109,-107,4.4212,,5.1746
423955,384,1.5022,124.0951,1.4526,598,0,,6.3887,4.0352,4.9531,5,-8.4929,299.0723,0.7263,-2.1411,22.6835,91.316,1.5022,967,967,162.0596,96.7031,9.168,-115,5.1036,,3.5352
424922,385,1.5291,126.3158,1.4526,570,0,,9.6745,7.9805,5.4688,4,-4.165,146.9116,0.7263,0.2827,25.0563,87.8506,1.5291,950,950,150,92.9766,4.2969,-95,3.4877,,2.8589
425872,386,1.5163,125.261,1.4526,589,0,,10.7238,8.457,6.5938,6,-5.8889,286.1938,0.7263,-3.2325,18.4736,95.8826,1.5163,958,958,159.6206,102.4297,6.2969,-110,4.6715,,4.735
426830,387,1.5654,129.3103,1.4526,594,0,,15.5113,13.375,7.8555,6,-5.1936,196.7163,0.7263,-8.9607,19.2044,96.6558,1.5654,928,928,177.8443,100.6328,5.2891,-130,6.5109,,4.5267
427758,388,1.5007,123.9669,1.4526,599,0,,15.0911,3.8867,14.582,7,-4.6993,272.522,0.7263,-8.1105,17.8865,96.0997,1.5007,968,968,162.3306,102.8164,5.2461,-115,5.1036,,4.9024
428726,389,1.5148,125.1303,1.4526,594,0,,14.7025,12.1484,8.2813,8,-4.0089,204.2236,0.7263,-0.2661,15.3651,100.7563,1.5148,959,959,162.7397,105.8594,4.3125,-115,5.1036,,5.6209
429685,390,1.5243,125.9182,1.4526,589,0,,17.1502,12.0898,12.1641,8,-4.7839,244.812,0.7263,-5.0069,15.2024,99.0403,1.5243,953,953,161.8132,105.5664,4.9648,-113,4.9285,,5.6673
430638,391,1.5388,127.1186,1.4526,589,0,,14.1183,3.4766,13.6836,6,-6.7831,300.4761,0.7263,-7.5959,20.3081,95.1365,1.5388,944,944,165.9155,100.1133,7.1914,-117,5.2817,,4.2122
431582,392,1.5243,125.9182,1.4526,589,0,,9.5141,3.2188,8.9531,5,-7.7554,306.9458,0.7263,-2.9908,20.841,92.7542,1.5243,953,953,161.8132,99.1523,8.293,-113,4.9285,,4.0603
432535,393,1.5163,125.261,1.4526,605,0,,11.282,10.2852,4.6367,4,-8.8642,309.9365,0.7263,-5.6267,24.3896,84.5517,1.5163,958,958,171.3881,90.5313,8.3555,-126,6.1195,,3.049
433493,394,1.5405,127.2534,1.4526,569,0,,9.8511,7.0781,6.8516,5,-5.1121,187.3779,0.7263,-3.5194,21.9897,88.3394,1.5405,943,943,152.139,94.0391,5.4375,-98,3.7109,,3.7329
434436,395,1.4838,122.5741,1.4526,600,0,,7.3488,5.3711,5.0156,6,-5.6484,243.9575,0.7263,2.308,20.3511,90.6805,1.4838,979,979,158.3113,96.5117,5.918,-111,4.7564,,4.1999
435415,396,1.4853,122.6994,1.4526,624,0,,6.0208,3.8828,4.6016,5,-5.025,203.9795,0.7263,-8.9437,20.8762,94.9512,1.4853,978,978,176.2712,98.5117,5.3047,-135,7.0165,,4.0503
436393,397,1.5163,125.261,1.4526,609,0,,14.9875,3.5117,14.5703,4,-6.7636,234.2529,0.7263,-5.7572,23.9889,92.5893,1.5163,958,958,174.4986,97.2227,6.9414,-130,6.5109,,3.1632
437351,398,1.4991,123.839,1.4526,594,0,,11.1975,2.3633,10.9453,5,-4.7325,214.5996,0.7263,-7.6384,20.7436,93.7845,1.4991,969,969,158.4,98.6289,5.2578,-110,4.6715,,4.0881
438320,399,1.4778,122.0753,1.4526,603,0,,13.4345,11.7227,6.5625,5,-4.1477,187.1948,0.7263,-6.9597,20.8683,90.2353,1.4778,983,983,158.6842,97.3828,4.7852,-112,4.8421,,4.0525
439303,400,1.5243,125.9182,1.4526,594,0,,8.1312,3.918,7.125,4,-7.8793,271.1182,0.7263,-5.1999,23.8227,87.7877,1.5243,953,953,165.4596,92.6602,8.4727,-118,5.3718,,3.2105
440256,401,1.4991,123.839,1.4526,589,0,,13.59,9.3242,9.8867,5,-4.1799,140.9912,0.7263,-6.7105,22.253,88.3212,1.4991,969,969,155,93,4.6406,-105,4.258,,3.6579
441225,402,1.5085,124.6106,1.4526,614,0,,11.6041,10.0547,5.793,5,-4.3402,159.2407,0.7263,-7.4679,22.6576,91.2776,1.5085,963,963,175.9312,95.0938,5.1836,-133,6.8121,,3.5426
442188,403,1.5487,127.9318,1.4526,578,0,,13.4497,2.9023,13.1328,5,-4.6981,164.3066,0.7263,-8.6946,21.1954,87.5315,1.5487,938,938,160.5556,92.4023,5.3594,-109,4.5873,,3.9593
443126,404,1.5227,125.7862,1.4526,593,0,,16.3455,15.1797,6.0625,7,-5.9127,288.4521,0.7263,-11.5068,16.9258,93.0927,1.5227,954,954,164.2659,97.7305,6.3047,-116,5.1923,,5.1761
444080,405,1.5163,125.261,1.4526,584,0,,7.7908,6.1328,4.8047,5,-2.6211,109.1919,0.7263,-5.4773,20.579,89.112,1.5163,958,958,156.1497,93.793,3.1484,-105,4.258,,4.135
445038,406,1.5405,127.2534,1.4526,599,0,,11.919,9.0117,7.8008,3,-7.0428,231.9946,0.7263,6.1229,25.7933,84.0302,1.5405,943,943,174.1279,88.6836,6.9727,-128,6.3138,,2.6489
445981,407,1.5163,125.261,1.4526,613,0,,7.6418,6.0078,4.7227,4,-2.0278,72.2046,0.7263,0.7174,23.8394,87.7802,1.5163,958,958,177.6812,91.2773,1.8125,-134,6.9139,,3.2058
446939,408,1.5227,125.7862,1.4526,593,0,,7.4601,6.0313,4.3906,5,-5.2011,187.1948,0.7263,-0.5581,22.502,88.6002,1.5227,954,954,164.2659,93.1289,5.1836,-116,5.1923,,3.5869
447893,409,1.4778,122.0753,1.4526,619,0,,11.9409,7.8477,9,8,-3.4761,145.3247,0.7263,-12.379,14.6012,95.1586,1.4778,983,983,170.0549,100.2344,3.6445,-128,6.3138,,5.8387
448876,410,1.4991,123.839,1.4526,619,0,,12.6027,11.7734,4.4961,4,-6.6745,219.8486,0.7263,-7.0737,24.6997,87.5506,1.4991,969,969,176.8571,92.3164,6.6289,-135,7.0165,,2.9606
449845,411,1.5085,124.6106,1.4526,588,0,,9.3034,3.7109,8.5313,3,-4.6156,149.5972,0.7263,-7.8036,27.6652,82.5637,1.5085,963,963,156.8,89.1055,5.0234,-107,4.4212,,2.1154
450808,412,1.5405,127.2534,1.4526,579,0,,11.5781,9.7109,6.3047,1,-8.0486,170.4102,0.7263,-9.1688,33.3407,76.9119,1.5405,943,943,159.0659,79.0664,7.375,-108,4.5038,,0.4979
451751,413,1.5388,127.1186,1.4526,584,0,,9.4173,4.7813,8.1133,7,-4.1705,247.4365,0.7263,-11.6087,16.0748,96.3514,1.5388,944,944,162.2222,101.8125,5.0156,-112,4.8421,,5.4187
452695,414,1.5323,126.5823,1.4526,564,0,,7.2111,4.5508,5.5938,6,-5.2647,266.5405,0.7263,-7.232,18.1031,92.5982,1.5323,948,948,146.875,99.3047,5.6523,-90,3.131,,4.8406
453643,415,1.4991,123.839,1.4526,604,0,,9.0721,6.8828,5.9102,8,-3.9098,202.8809,0.7263,-6.2401,14.2192,99.9233,1.4991,969,969,165.4795,107.1328,4.1836,-120,5.5543,,5.9475
454612,416,1.5163,125.261,1.4526,614,0,,11.7941,11.0078,4.2344,3,-5.1213,191.6504,0.7263,-13.1677,25.854,87.7439,1.5163,958,958,178.4884,93.5547,4.8047,-135,7.0165,,2.6316
455570,417,1.5085,124.6106,1.4526,604,0,,13.9174,2.7227,13.6484,4,-6.8044,231.0791,0.7263,-4.9966,25.1869,89.6386,1.5085,963,963,168.2451,94.1563,7.2656,-123,5.8336,,2.8217
456533,418,1.493,123.3299,1.4526,579,0,,6.5544,4.3984,4.8594,4,-10.2509,259.4604,0.7263,0.1814,25.4179,81.9734,1.493,973,973,146.9543,88.4023,10.1797,-93,3.3428,,2.7559
457506,419,1.5163,125.261,1.4526,602,0,,6.8567,3.5547,5.8633,6,-6.6672,251.2817,0.7263,-1.65,20.0027,87.644,1.5163,958,958,169.1011,94.6602,7.1055,-123,5.8336,,4.2992
458464,420,1.5069,124.4813,1.4526,593,0,,10.3983,7.0742,7.6211,6,-7.005,256.7749,0.7263,-3.5437,19.4368,87.9722,1.5069,964,964,159.8383,96.5664,7.0234,-111,4.7564,,4.4605
459428,421,1.5163,125.261,1.4526,609,0,,11.4067,10.2695,4.9648,6,-4.8536,195.5566,0.7263,-4.7526,20.1012,92.7367,1.5163,958,958,174.4986,98.8281,4.6484,-130,6.5109,,4.2712
460386,422,1.4991,123.839,1.4526,618,0,,16.9437,14.793,8.2617,5,-4.3186,161.1938,0.7263,-5.4804,21.3321,92.3272,1.4991,969,969,176.0684,98.2969,4.5352,-134,6.9139,,3.9203
461355,423,1.4853,122.6994,1.4526,604,0,,7.1377,5.5117,4.5352,16,0,143.1274,0.7263,-8.6501,0,111.8021,1.4853,978,978,161.4973,115.1211,0.1602,-115,5.1036,,10
462333,424,1.5307,126.4489,1.4526,604,0,,12.1217,9.2617,7.8203,3,-9.043,255.127,0.7263,-3.4756,26.7637,85.5477,1.5307,949,949,175.0725,91.3594,8.4805,-130,6.5109,,2.3723
463282,425,1.5405,127.2534,1.4526,584,0,,6.6055,4.7617,4.5781,6,-3.1139,150.8789,0.7263,-13.8855,18.6722,93.3032,1.5405,943,943,162.6741,97.3242,3.4648,-113,4.9285,,4.6784
464225,426,1.493,123.3299,1.4526,599,0,,7.9519,5.1914,6.0234,5,-4.3884,159.0576,0.7263,-4.1726,22.4893,89.5198,1.493,973,973,160.1604,92.9766,4.6367,-113,4.9285,,3.5906
465198,427,1.5148,125.1303,1.4526,599,0,,7.8197,5.8789,5.1563,8,-4.0467,170.5322,0.7263,-7.6641,15.3192,97.3224,1.5148,959,959,166.3889,101.6094,4.5078,-120,5.5543,,5.634
466157,428,1.5243,125.9182,1.4526,594,0,,12.3497,2.918,12,4,-5.5052,181.6406,0.7263,-6.5187,23.2299,86.743,1.5243,953,953,165.4596,91.2266,6.0273,-118,5.3718,,3.3795
467110,429,1.5637,129.1712,1.4526,579,0,,6.4004,2.5664,5.8633,4,-5.6739,214.1113,0.7263,-4.4805,23.6906,89.6525,1.5637,929,929,165.4286,94.3477,5.4883,-115,5.1036,,3.2482
468039,430,1.4703,121.4575,1.4526,614,0,,10.3857,9.2617,4.6992,6,-5.7937,223.4497,0.7263,-6.599,19.6679,96.3247,1.4703,988,988,164.1711,100.707,6.2031,-120,5.5543,,4.3946
469027,431,1.4868,122.825,1.4526,620,0,,6.3624,2.2031,5.9688,4,-4.4703,189.3311,0.7263,-5.7188,24.1709,93.6015,1.4868,977,977,173.6695,99.5625,4.543,-132,6.711,,3.1113
470004,432,1.5148,125.1303,1.4526,599,0,,7.0773,3.7969,5.9727,6,-3.4215,163.6353,0.7263,-5.8288,19.7562,93.6641,1.5148,959,959,166.3889,100.1563,3.7773,-120,5.5543,,4.3695
470963,433,1.5243,125.9182,1.4526,589,0,,16.8262,13.3047,10.3008,5,-4.4828,170.105,0.7263,3.3963,20.7108,93.3196,1.5243,953,953,161.8132,99.8633,4.9883,-113,4.9285,,4.0974
471916,434,1.5227,125.7862,1.4526,600,0,,11.8648,8.9297,7.8125,8,-1.9543,83.313,0.7263,-1.2215,15.3717,98.5429,1.5227,954,954,169.4915,104.168,2.2969,-123,5.8336,,5.6191
472870,435,1.493,123.3299,1.4526,604,0,,14.3799,3.4141,13.9688,6,-3.9798,171.814,0.7263,-5.3717,18.8181,95.7131,1.493,973,973,163.6856,102.3594,4.3984,-118,5.3718,,4.6369
473843,436,1.5085,124.6106,1.4526,619,0,,12.9049,9.1758,9.0742,3,-6.7317,222.6563,0.7263,-0.1038,26.9525,90.2624,1.5085,963,963,179.9419,94.3047,6.7227,-138,7.3284,,2.3185
474806,437,1.5323,126.5823,1.4526,593,0,,12.5078,8.293,9.3633,5,-3.4868,131.2256,0.7263,-7.7831,22.2349,94.8829,1.5323,948,948,167.0423,99.582,3.8359,-119,5.4627,,3.6631
475754,438,1.5148,125.1303,1.4526,603,0,,7.9919,5.7422,5.5586,5,-6.8736,276.4893,0.7263,-6.5604,22.8042,93.7813,1.5148,959,959,169.382,98.1094,7.8555,-124,5.9282,,3.5008
476713,439,1.5243,125.9182,1.4526,609,0,,13.1906,11.9531,5.5781,5,-8.6272,284.2407,0.7263,-8.8028,22.7349,91.0908,1.5243,953,953,177.0349,97.3945,8.4727,-133,6.8121,,3.5206
477666,440,1.5227,125.7862,1.4526,584,0,,8.9308,3.9063,8.0313,6,-6.1685,247.0703,0.7263,-10.3692,18.3033,96.9336,1.5227,954,954,157.8378,102.3164,6.7891,-107,4.4212,,4.7836
478620,441,1.5085,124.6106,1.4526,620,0,,14.1139,13.2695,4.8086,5,-5.9433,242.1265,0.7263,-6.0093,22.8404,95.9079,1.5085,963,963,180.758,99.5859,6.0703,-139,7.4339,,3.4905
479583,442,1.5163,125.261,1.4526,574,0,,14.1099,6.3086,12.6211,11,-0.9258,132.5684,0.7263,-6.2706,7.0387,106.3857,1.5163,958,958,149.4792,114.0117,1.3125,-95,3.4877,,7.994
480541,443,1.5007,123.9669,1.4526,605,0,,16.8826,12.168,11.7031,4,-5.4563,174.0112,0.7263,-2.0728,24.3125,94.6104,1.5007,968,968,166.6667,100.4805,5.9805,-121,5.6467,,3.0709
481509,444,1.5227,125.7862,1.4526,618,0,,13.4435,12.6484,4.5547,5,-4.1518,166.9922,0.7263,-7.4841,22.297,95.9918,1.5227,954,954,183.9286,99.2891,4.0469,-141,7.6468,,3.6454
482463,445,1.547,127.7955,1.4526,579,0,,8.3953,7.1484,4.4023,5,-4.5643,177.124,0.7263,-6.5485,21.584,89.3797,1.547,939,939,160.8333,93.3867,4.6758,-110,4.6715,,3.8485
483402,446,1.5085,124.6106,1.4526,594,0,,5.2094,2.1563,4.7422,5,-5.488,195.3735,0.7263,-7.4008,21.8,89.1378,1.5085,963,963,160.9756,94.6641,5.8125,-113,4.9285,,3.787
484365,447,1.5323,126.5823,1.4526,588,0,,13.4504,9.0898,9.9141,4,-5.9433,209.1064,0.7263,-8.4203,23.7099,90.2789,1.5323,948,948,163.3333,97.6172,6.0781,-114,5.0157,,3.2427
485313,448,1.5487,127.9318,1.4526,574,0,,9.9824,7.0664,7.0508,14,-0.2486,129.5166,0.7263,-2.6204,2.698,114.1679,1.5487,938,938,157.6923,119.625,0.6406,-105,4.258,,9.2311
486251,449,1.5721,129.8701,1.4526,574,0,,8.5266,5.1016,6.832,4,-3.3936,137.7563,0.7263,-11.5385,24.8867,92.7707,1.5721,924,924,164,99.543,3.2148,-112,4.8421,,2.9073
487175,450,1.493,123.3299,1.4526,605,0,,11.9932,8.4727,8.4883,5,-6.204,241.0889,0.7263,-3.7633,21.8995,96.606,1.493,973,973,164.4022,101.0469,6.2695,-119,5.4627,,3.7586
488148,451,1.4853,122.6994,1.4526,599,0,,12.0898,5.5469,10.7422,1,-4.7469,129.0283,0.7263,-10.3217,31.0931,82.925,1.4853,978,978,158.0475,89.3711,4.625,-110,4.6715,,1.1385
489126,452,1.4688,121.3347,1.4526,595,0,,16.9163,13.1094,10.6914,5,-4.8698,212.4023,0.7263,-6.9574,20.8719,86.0453,1.4688,989,989,151.0152,94.3594,4.9219,-101,3.9408,,4.0515
490115,453,1.4853,122.6994,1.4526,619,0,,11.4227,3.6836,10.8125,6,-5.1269,223.999,0.7263,-0.8991,18.6142,90.2696,1.4853,978,978,172.4234,97.5781,5.1133,-130,6.5109,,4.695
491093,454,1.5163,125.261,1.4526,584,0,,7.7703,6.2266,4.6484,6,-2.449,104.3091,0.7263,-6.9562,18.6613,94.0541,1.5163,958,958,156.1497,99.7344,2.7148,-105,4.258,,4.6815
492051,455,1.4991,123.839,1.4526,608,0,,12.9257,11.5313,5.8398,5,-7.0368,259.7656,0.7263,-6.7384,22.1086,93.3583,1.4991,969,969,168.4211,97.8828,7.6211,-124,5.9282,,3.6991
493020,456,1.5007,123.9669,1.4526,605,0,,7.9726,6.5078,4.6055,4,-4.413,155.3955,0.7263,-3.4078,23.3929,88.4983,1.5007,968,968,166.6667,94.2031,4.9258,-121,5.6467,,3.333
493988,457,1.5243,125.9182,1.4526,574,0,,7.9825,6.6328,4.4414,8,-0.9213,98.3887,0.7263,-14.2087,13.3932,96.9319,1.5243,953,953,151.4512,102.2969,1.1797,-98,3.7109,,6.1829
494941,458,1.5148,125.1303,1.4526,599,0,,9.9152,3.8789,9.125,2,-7.1043,198.5474,0.7263,-2.0344,29.1157,85.8201,1.5148,959,959,166.3889,89.9414,7.0469,-120,5.5543,,1.702
495900,459,1.5085,124.6106,1.4526,610,0,,10.2319,7.8008,6.6211,4,-6.4832,204.7729,0.7263,-8.6818,23.0452,89.924,1.5085,963,963,172.8045,94.4531,6.4609,-129,6.412,,3.4321
496863,460,1.5487,127.9318,1.4526,579,0,,5.8222,3.207,4.8594,5,-4.4814,181.8848,0.7263,-6.2678,20.502,92.2136,1.5487,938,938,161.2813,96.7422,4.7891,-110,4.6715,,4.1569
497801,461,1.5243,125.9182,1.4526,584,0,,8.4017,6.4961,5.3281,6,-4.9891,184.8755,0.7263,-4.0466,19.8535,88.6885,1.5243,953,953,158.2656,94.9414,5.2656,-108,4.5038,,4.3417
498754,462,1.5069,124.4813,1.4526,593,0,,12.5934,8.1719,9.582,5,-6.4489,252.3193,0.7263,-5.576,22.513,91.1519,1.5069,964,964,159.8383,97.1719,6.8867,-111,4.7564,,3.5838
499718,463,1.5085,124.6106,1.4526,609,0,,16.8596,13.2031,10.4844,4,-6.7038,227.2949,0.7263,-3.2603,24.1604,91.8389,1.5085,963,963,172.0339,95.207,7.0273,-128,6.3138,,3.1143
500681,464,1.5069,124.4813,1.4526,614,0,,15.5154,14.5078,5.5,5,-7.0689,251.5259,0.7263,-5.6245,22.2048,90.3014,1.5069,964,964,175.4286,94.4727,6.8516,-132,6.711,,3.6716
501645,465,1.493,123.3299,1.4526,589,0,,8.0991,5.4531,5.9883,7,-4.6065,199.2798,0.7263,-7.5788,17.1849,84.3919,1.493,973,973,153.3854,96.4961,4.7578,-103,4.0979,,5.1023
502618,466,1.4703,121.4575,1.4526,614,0,,7.4407,3.7109,6.4492,9,-2.1772,166.5649,0.7263,-5.0765,13.2225,95.7068,1.4703,988,988,164.1711,103.8594,3.043,-120,5.5543,,6.2316
503606,467,1.5323,126.5823,1.4526,608,0,,7.0818,3.5547,6.125,5,-8.5287,307.8613,0.7263,-1.3498,22.1019,92.9446,1.5323,948,948,178.8235,96.4922,9.1563,-134,6.9139,,3.701
504554,468,1.5148,125.1303,1.4526,594,0,,13.0777,10.4023,7.9258,7,-4.133,189.3311,0.7263,-8.1436,17.3359,90.9257,1.5148,959,959,162.7397,95.5977,4.2695,-115,5.1036,,5.0593
505513,469,1.5163,125.261,1.4526,604,0,,6.9559,2.6914,6.4141,4,-4.5776,161.377,0.7263,-2.3161,23.2455,90.3714,1.5163,958,958,170.6215,94.9609,4.5195,-125,6.0235,,3.375
506471,470,1.5085,124.6106,1.4526,598,0,,19.2662,15.1836,11.8594,13,-0.8497,89.5386,0.7263,-2.2088,4.2099,107.183,1.5085,963,963,163.8356,112.3438,1.3242,-117,5.2817,,8.8002
507434,471,1.5893,131.291,1.4526,549,0,,19.6681,14.5742,13.207,6,-2.907,174.1333,0.7263,-3.6511,18.844,92.9901,1.5893,914,914,150.411,99.6523,3.7461,-92,3.2714,,4.6295
508348,472,1.493,123.3299,1.4526,579,0,,10.2663,3.2734,9.7305,4,-3.3298,137.8174,0.7263,2.4045,23.323,80.9745,1.493,973,973,146.9543,89.3516,2.9922,-93,3.3428,,3.3529
509321,473,1.5307,126.4489,1.4526,569,0,,6.9001,3.7305,5.8047,7,-4.2366,222.3511,0.7263,2.0334,16.1887,86.6131,1.5307,949,949,149.7368,93.8867,5.1758,-95,3.4877,,5.3862
510270,474,1.4483,119.6411,1.4526,614,0,,7.4767,5.5234,5.0391,12,-1.377,78.7964,0.7263,-5.5804,6.5477,96.8517,1.4483,1003,1003,157.8406,104.2266,0.6914,-113,4.9285,,8.1339
511273,475,1.5085,124.6106,1.4526,614,0,,13.612,5.5313,12.4375,6,-6.9001,270.9351,0.7263,-6.6408,18.4963,82.5579,1.5085,963,963,175.9312,90.9805,6.7969,-133,6.8121,,4.7286
512236,476,1.4853,122.6994,1.4526,629,0,,11.9146,9.6641,6.9688,8,-2.5723,121.3379,0.7263,0.2915,13.8565,93.4108,1.4853,978,978,180.2292,97.7227,2.9609,-140,7.54,,6.0509
513214,477,1.5243,125.9182,1.4526,619,0,,12.7425,10.9922,6.4453,6,-4.6264,185.1196,0.7263,1.4719,20.1293,88.7971,1.5243,953,953,185.3293,93.6914,4.9102,-143,7.8626,,4.2632
514167,478,1.5307,126.4489,1.4526,599,0,,16.3613,13.707,8.9336,5,-4.7032,167.9688,0.7263,-6.3468,21.4904,87.1693,1.5307,949,949,171.1429,93.7773,4.7617,-125,6.0235,,3.8752
515116,479,1.5323,126.5823,1.4526,589,0,,6.0467,4.082,4.4609,6,-6.3111,260.1318,0.7263,-4.4313,19.0106,91.2226,1.5323,948,948,164.0669,95.8945,6.543,-115,5.1036,,4.582
516064,480,1.5069,124.4813,1.4526,610,0,,10.9814,9.793,4.9688,5,-7.6731,267.2729,0.7263,-6.7982,20.877,88.2055,1.5069,964,964,172.3164,94.1367,7.6328,-128,6.3138,,4.0501
517028,481,1.5323,126.5823,1.4526,579,0,,10.1673,4.5,9.1172,5,-7.3947,259.3994,0.7263,-2.2908,22.3907,87.388,1.5323,948,948,156.9106,92.4492,7.5352,-105,4.258,,3.6187
517976,482,1.4991,123.839,1.4526,604,0,,6.5702,4.2578,5.0039,7,-4.3169,198.4863,0.7263,4.2869,16.9562,90.9154,1.4991,969,969,165.4795,95.418,4.8984,-120,5.5543,,5.1675
518945,483,1.5007,123.9669,1.4526,605,0,,12.2343,9.1641,8.1055,5,-6.0113,204.1016,0.7263,-2.9491,21.5508,87.3416,1.5007,968,968,166.6667,92.875,6.0781,-121,5.6467,,3.858
519913,484,1.5323,126.5823,1.4526,600,0,,6.8967,4.5977,5.1406,4,-13.5065,398.8647,0.7263,-7.8981,23.5557,80.7663,1.5323,948,948,172.4138,87.7461,13.4063,-126,6.1195,,3.2866
520861,485,1.5405,127.2534,1.4526,574,0,,8.3055,3.625,7.4727,4,-6.673,227.6001,0.7263,-2.5871,23.4305,82.8158,1.5405,943,943,155.5556,88.1289,7.1016,-103,4.0979,,3.3223
521804,486,1.4914,123.2033,1.4526,609,0,,6.2888,4.3281,4.5625,5,-7.1162,233.8257,0.7263,-2.8293,22.5982,86.2792,1.4914,974,974,166.8493,92.0039,7.7031,-122,5.7398,,3.5595
522778,487,1.4853,122.6994,1.4526,614,0,,11.7015,9.8125,6.375,4,-6.3867,193.4814,0.7263,-11.5943,24.0642,83.8824,1.4853,978,978,168.6813,89.7227,6.3633,-125,6.0235,,3.1417
523756,488,1.4778,122.0753,1.4526,619,0,,5.8104,3.9453,4.2656,6,-7.6039,274.4141,0.7263,-9.6218,19.8495,88.9436,1.4778,983,983,170.0549,94.1797,8.0469,-128,6.3138,,4.3429
524739,489,1.5307,126.4489,1.4526,604,0,,10.1246,3.3711,9.5469,5,-6.6226,237.6099,0.7263,-3.2315,21.3906,87.1242,1.5307,949,949,175.0725,92.0742,7.2695,-130,6.5109,,3.9037
525688,490,1.9164,158.3113,1.4526,534,0,,9.1437,8.2617,3.918,8,-1.4886,67.1387,0.7263,-17.9667,13.3878,66.9007,1.9164,758,758,238.3929,71.8672,1.6172,-155,9.2157,,6.1845
526446,491,2.4251,200.3339,1.4526,304,0,,12.9598,10.9688,6.9023,15,-2.268,549.0723,0.7263,-8.0918,1.4958,39.128,2.4251,599,599,103.0508,39.5313,4.957,-5,0.0097,,9.5737
527045,492,1.8862,216.6065,1.045,260,6.1372,,10.8408,9.5508,5.1289,15,-1.76,395.752,0.5225,-4.538,1.3765,36.9905,1.8862,554,554,88.4354,37.875,5.4492,17,0.1555,,9.6077
527599,493,1.9395,160.2136,1.4526,395,0,,18.6701,15.9648,9.6797,14,6.0147,475.769,0.7263,13.4726,1.8517,60.1812,1.9395,749,749,111.5819,59.8828,7.7656,-21,0.1706,,9.4723
528348,494,1.9684,162.6016,1.4526,465,0,,4.7424,3.1523,3.543,7,-5.4809,106.1401,0.7263,-7.3577,15.8123,51.5255,1.9684,738,738,170.3297,55.4844,4.0234,-96,3.5613,,5.4935